path	raw_sha256	timestamp_masked_sha256	bytes	archived_copy
build/base/source/ai/action_alert.obj	2f304ff0e759b9ab60f8300e1ec9e81beef269c1579130cb8200fb33bbd0d660	c45ce64eef1e565e014330ed59603cead97ba194870239491ee45e31468f7830	6586	
build/base/source/ai/action_charge.obj	d63f8c1a87c38fbf42a766d5da2582a842afae95ac811160136e55e98030c82e	618babcc3d26709bfd7bbc55f5dd8821fc222703f2c85744ea323ad413a77220	15844	
build/base/source/ai/action_obey.obj	0d84a39abca5d379eb5fea9682d6225dc3967adad32001e30e4b6dcbb82e7a21	4825b25e1975e41a98f25798e28d126e99e2d2c9947b38bda7c15f99ecbd8a23	43020	research/compiler_application_20260925/gates/Q12/objects/build/base/source/ai/action_obey.obj
build/base/source/ai/action_uncover.obj	c4e526852d7954b6362e52e6f20853988a7bfa2c414667b16474531e7ec881a9	1e1c4fc6d5ff2f0ffbb7898fd8e512e269e52446cb4f3f8cc222239a1bd5d996	9189	
build/base/source/ai/action_vehicle.obj	c153bf300e13185597ebac1a0b980f4761a6fed320f3294627e99f82205f9024	a8792f566dc5dc8c2fc89d3384534f9d5293d7f2e85947e0c50e553b5837f508	14922	
build/base/source/ai/actions.obj	4de2372d8e4b883c8ad30cd0de196c5939fda60afcb09173f91e060fa0cab165	16d78d4c6a6be124782036f1f50251c52c37aef2856992a7937fd950a08c7b3b	56682	research/compiler_application_20260925/gates/Q12/objects/build/base/source/ai/actions.obj
build/base/source/ai/actor_combat.obj	f1aea2c90b6114800620e045ddf3063150b24b1db5d89bfaeec9ed2201938f14	23ed108c03b44c250c1d1f8bc931685e6d27c770b066878daa720ade467c1d1e	32446	
build/base/source/ai/actor_firing_position.obj	ce02ad267d4d27787d44c001a7447c5b24407b83f27281180b706057843fcad6	b17c406ccf7258ed92a19d1475dfc4161415a45367035d20a909bd22ae6c3224	38435	research/compiler_application_20260925/gates/Q12/objects/build/base/source/ai/actor_firing_position.obj
build/base/source/ai/actor_looking.obj	81bc8f79bb9b8c6f80a03a01ca85c41d371ec6fd117bb016e5694f206a2be548	b3aa5437a05c3dad0a6cae3133369d5ccfb994e0d165556ed6fd2904ba3b0a3a	36428	research/compiler_application_20260925/gates/Q12/objects/build/base/source/ai/actor_looking.obj
build/base/source/ai/actor_moving.obj	2cb34eeacbe9ecaeab8e7e8fd04aefc7047bfff600f897b8455dfbeea3489d7e	aa94904ded206610e287699cd982e916370be7f0b6863fe899e194058217c2f1	53255	
build/base/source/ai/actor_perception.obj	056a6dc59eef477805b44559e32e875653039156e12daeaecc2bec656cc3b49b	194e1d03353a5ae4e3dd73501b3a76f4fc45818b1e431bc44f970e2d1ba8354d	69884	
build/base/source/ai/actor_stimulus.obj	69d34f3345caeeb910d4f8738c7c667ab4319d1e0c8792350de3f0a835060f3e	deaa0b486e839d3dbfacdb87a2bd8420dcfcff89f194cd2a798177eb2136de24	15631	
build/base/source/ai/actor_type_crew.obj	dd721286817e44769f7b3c79574fb9f4398cea4169ff1e5674292137b65b51b3	f44a2fb1bc29c628f5c2d954107121d836ef22821b408e587e7dbecbf579d36f	3069	
build/base/source/ai/actor_type_elite.obj	71edd2709647de8b9e95428d10ec14b7355c69d519610131e4309da6e495abcd	5b83bb472d0c904efa8c294a83b16e98f3a61d9800d0ce38e502f1c9cd64bd70	3736	
build/base/source/ai/actor_type_engineer.obj	c4184fb38cfaf89c82fdea6a1ad88e90fd6c0f45f25f60d1f717b804322ef606	8079e89b153f8aea762d90af1f1c1f03e845080f095c41bdbacc16c2246c39ed	3087	
build/base/source/ai/actor_type_flood.obj	b3111c2a445b96770bcc24b02af71243f03aa72a252a6ce41a7241df575c7a73	13d4c90106ab6d17b9ddeca9b93376473b7233854134e2cf7180e07c7c9f459e	6814	
build/base/source/ai/actor_type_grunt.obj	47eab87d4e65c71d36ade2a0f7207242cde767ad2a38d715a349fdfac9c14428	e6bd11a238932a479b5cfc90ecef2aa9b94050761e2d45cc9289e552da8e8b06	3522	
build/base/source/ai/actor_type_hunter.obj	1c2f9ce626f6149efe7ab6dadb6a4fa868a4926d50af31efef95796686b71749	7c69e1aa8f536ea14e1dde776695cce15ca03fe1d575ce9284da43b7c7113a64	2386	
build/base/source/ai/actor_type_jackal.obj	b906236d9b00400681ade0b389d76ed42c23f2e6653e17a8ea0996fb7e1c2adf	08dc7028d6c32c4ab7f6c95eed77d2fc61ec220e7649c8362328d698d0340c9d	3417	
build/base/source/ai/actor_type_marine.obj	b5b6a5247e2f0a310d83a424172c603310edc96a9169b187c18797865e2da27b	a0f2152a2d2571e8de3379a8f0195d9467ddb67cda00d60dda798455aad8fc68	3374	
build/base/source/ai/actor_type_sentinel.obj	6fa3605ca688179f5352c75892ac75a5bafbe3d63fcf2e913ae9b0b485f0ad92	d3375e0da983ee6313d5531384bfb14958227c28fc0eeafcadb05177e96cfc53	2487	
build/base/source/ai/actor_types.obj	301bf7369b1eef2cee83eb79c70441ab461a22a63d7da1b104edbca3077d24d7	042a494e050873c410482f04977c68ec4626f10e9e02c7a8e599036553bdfdca	9673	
build/base/source/ai/actors.obj	fef6d87c768a25a4ef8cb28eb83a52c43bb43cb1d0a581526bcfa68ee1bde0df	8ad41c7c2ac7564c93d187ca5a0ad139f9bcb98d56bc6c5a0b01f171a65db83d	64504	
build/base/source/ai/ai.obj	d293062aa862ea45948dcc13c87d2e8c8d9ebec091718b9b32400f5c2eca010d	790ce0c4245d3afbd0fe14ce1ca7aa468220110dc9d018c27f5ed82c95036d91	48138	research/compiler_application_20260925/gates/Q12/objects/build/base/source/ai/ai.obj
build/base/source/ai/ai_communication.obj	29e9cf65e6d327f7e6fe475c1218f9486cfe9addec9ecc267ee308a5ea3669ff	d8d34876bbbc19ca838a77255f3cc71e6535ae5c439c8eaa4cad1f07fef4a1da	96770	research/compiler_application_20260925/gates/Q12/objects/build/base/source/ai/ai_communication.obj
build/base/source/ai/ai_debug.obj	ac0f934474709023b144e4f366722b4187b96cb8d8efcd7b0f7af36f39e3622d	fa581f5f7dc3de7883f98e511b145a1d4437b01617a1bbd5093b83bea63a32d0	156456	research/compiler_application_20260925/gates/Q12/objects/build/base/source/ai/ai_debug.obj
build/base/source/ai/ai_profile.obj	cb61f1ac3600708a3cd821aed2577f758a855fbbdeb1e1c481d7ea6a8e055e02	2452e058e517c5ba8eab06fc9cfc5f9a2a6911ef1292563fe2652926ff81460b	12329	
build/base/source/ai/ai_scenario_definitions.obj	f325a29778be43c547886529745e6bc9b04fe481312106909f51dcb20d360b0d	a2ce188faef81a3add1b996e8c0718bb0a3ab9a3f3a81140a6805bafaa102d0d	3869	
build/base/source/ai/ai_script.obj	a3b42f245eb2a8ab2226bf723601d844471aac2aa06bb32364bb6a47fd3842ee	86b8360db0ab748ad7eb71bc64fad390b1505a67a9641896f6225ea294676de5	73193	
build/base/source/bitmaps/bitmap_extract.obj	cdf38a0fc303cbb0f79b9ac8d8bd680f85844f50db2a30251b39181825cba945	067963a1c1dcdbe1d3a9f20c0c65669015550f6ab2ae00e506deb33167fe35f4	44930	
build/base/source/bitmaps/bitmap_group.obj	754b9213d97412eedbf81d21e939c91f187ba9c5276e31289c2644c5b333f5b0	e9bc608c8b8f3ab5dca500ab2ddebef02bc15e72202da97da1af24f3edc600a2	35351	research/compiler_application_20260925/gates/Q12/objects/build/base/source/bitmaps/bitmap_group.obj
build/base/source/bitmaps/bitmaps.obj	60e4015c8a4cfdfe7d1b86b6fd60fee6d87d6d8ea1ce3c9dec16a5f6fac2e1a4	44f615b5550f093beab765d250a8190a087bdf3d374dc88c415e54c34340b197	43502	
build/base/source/bitmaps/libtiff/tif_print.obj	0ee16723b63b33bf49e405f54c3a4f8028fc029776a8c904a717446390a9e3d8	68afda43dabb053396ae03e4f3e6dce7bdffbe70aa24119cac7415972dd62180	23903	
build/base/source/bitmaps/targa_file.obj	ed9abb36a3f8e7d9d90a6e97375f0658fb9da6e77de0cdff74ea1f0644c34427	cf36d76bd94f5738ac63b2916f44b827796a2edef7783e65c258b8582b3f84f9	3040	
build/base/source/bungie_net/network/transport_endpoint_set_winsock.obj	d1bc7d9cc87a23700412d903c9c1d5c5ca8e5d307660f3ff7a486c640f1a11c1	e56dae31f5ee3881340baf5563413c2256013c9941d10cac311c490eef82e20b	16517	
build/base/source/cache/cache_files_decompress_windows.obj	ca0ffc44189c6cd7bd0fd85ce581ab49be0c2add36924d97a613e9e405dc86c3	001cc9da87fdbcbb6a2ec89910b755c04e2a7c4a3a184fed3132dc4ae558d830	37113	
build/base/source/cache/xbox_texture_cache.obj	1b3d538cfb1d2420aff42615d89c1008a37964929443b6145cf711561ed7b082	469665f65ef9dc72b6a0debdadf3a49a0f53c8df6fdd13310f22466e849be7d8	19913	
build/base/source/cseries/headers.obj	102df8600e7a84b9a19f57135f0feb4b46284a3efa6a496297fde1dc820ab404	757f7a029d9becf916ac859adce354ee1133b202738a6c8835117c90e6bf401c	1246	
build/base/source/cseries/profile.obj	8723f009b86fd534a96511ceb95522454488690ee928b5d188ff36737a6c32a3	3f6821bf102ee1cc0e0ee7037a280224d16196cf82a0e02a838fc701a617c8d8	38221	
build/base/source/cutscene/recorded_animation_definitions.obj	8e96cc27abc06e0c83d1d0f792ff32b12aac5e5cc2bbefacf35d0c22f718c044	9647883281104b8a7fa52cf6381bf388dee3df7fd6fe2a106d022d16c219888e	2917	
build/base/source/devices/devices.obj	ecc53d409fff8822097816534c2612d3268152535fd7d0345fd4ba1ed449255c	631088b22bf884f7d8731fc62e84d8b80c6a67315af395d7fea9f9ede52e9a8c	14751	
build/base/source/effects/effects.obj	bab7254e2bc74724d9757cb8a2c86b0f1f2529d2998503a2fa5aa86cc83f595b	251a67eed4ea55c292973875ce1c33570ba880dc33e688b5c95dd1659fde6f61	36732	
build/base/source/game/game_allegiance.obj	6372a77d4311063dbefc959b5b48dd72459cdafb53dd83398b48c45e7b440a1f	c245bfa81006230034937a3b7aec7c08210bee58a9502a6d5a92c6d42f08683c	7995	
build/base/source/game/game_engine.obj	8b06feee28da896ab74ed31fdd1d0e20f7f32e44b3279d958608bff91a48fc1e	7e2246bfa46aa8719e4555e849a7f53f1a4f3e357c260b9edc4dda2a8b4d32ae	103660	research/compiler_application_20260925/gates/Q12/objects/build/base/source/game/game_engine.obj
build/base/source/game/game_engine_ctf.obj	fe41db58eeded169c6d9a2d5e2fc4057e47bff655560ea8cdbb2b75b4dfd5f70	8897ff5763419794947024b195b0d58c6f94eedce0b83d402fdffde3b7a82e5e	24797	
build/base/source/game/game_engine_king.obj	31cbfed400a983816dc813cf2c9e97236d4d161af3165f7753aa33d0205d8e17	79f7f9c17fffb47f18c5d347e05d78e9377fbfdcefbd5fba9a848f76397f8419	20525	research/compiler_application_20260925/gates/Q12/objects/build/base/source/game/game_engine_king.obj
build/base/source/hs/hs.obj	63135f8e953fac59eb02dae781b4edbce39f13f61f5effe77180318691ac6f92	fdf3ffdf82938d15f1003ba5366f01cea4bc5db9a98ee5687df0ea4f3b9cc6eb	360509	
build/base/source/hs/hs_compile.obj	180f4e6c03dcc506caa2ec959dc4eab23cde8476f3e3266499dfd46f6f4ef406	3fdc4a933c5b9d2df00d157b17e61de940ebc4488cdcfd006546d0f181a24f9b	68978	
build/base/source/hs/hs_library_external.obj	ca6a8d9d15e85db4216de8a10351b4b220425905e26ffb5bbadbf859f6ead1f4	71f994612e8ba7898f154f159cc8fdddaf4adc86751d338226f80bf077bc4e65	15975	
build/base/source/interface/attract_mode.obj	faeaa747756c8415b4cf63c2148c5a3f82ab15db92a7c904db651cb3764f86da	efd5e9c4e1946d114904d5ed9ddf9d87a4cac96394f212836e8af8fc9260a5ed	7299	
build/base/source/interface/hud.obj	240b7708c47b4069c5b033523270c745690e77f2d38fa1a2eb32f279276e6618	3e7f2283abc2ee9d309ff7cafcb23b4949943efb4fbc1d65ffa0d5bd2dc16b49	20700	
build/base/source/interface/hud_draw.obj	bb693ec027ebfeebe9bca5517be9a90a9668d504ef676ef46e8c75fe62830161	2681b367def9865864040a239cf7e29e4c49e96a9f50faecf67fd142210832cf	27386	
build/base/source/interface/interface.obj	812dea65f624b57222016a93b50815317421d1061315247c904f163fa48f97a8	4809807d058ae44a99b6ebce9b8f4235b03b00da09b03664bc5f791c5ddffbb0	121598	
build/base/source/interface/player_ui.obj	3e2c6248d2ff7557939c55777eb09bc53040ceb8913ba2fe6532f6d48ae1e3be	dd5be483703a6af26dceea24bff6e8f87f726729ffd572b86c412db988b6d3ed	22945	
build/base/source/interface/progress_bar.obj	040f474c0423c95de26b9347e7cc4352fe2f08317cce808e7b536877f09705c0	c08c284f22228d42237e71106bfc65bce541dfc7df8f206b715ba20b8d2d5e7c	51321	
build/base/source/interface/terminal.obj	e5395296936e3f698baef5f70df1a46c9e95a23c54a1a56a3e96643b404f47f1	3cd006d8c3b3a3cf56a8a79685c060b6fbfd2d82f1e00930f4a1fa46c819787c	9048	
build/base/source/interface/virtual_keyboard.obj	5204f40c1e19f1dac9efb4134d6e511a193f39700ad977c32b18d0700fc40756	7c13fa0c8b0c21f21aa056d82b5974cf87a07bddb8ce159cbb6bd5d8d47cd3aa	20491	
build/base/source/items/projectile_definitions.obj	6d620d4d50dcade1a74b58dec45854abde111d4b87d929eeb7baae6544626656	486696843698d06fae2cb2efbc45ec970ff83dcf81af4d0c15fb1cf2a1ebf75c	924	
build/base/source/items/projectiles.obj	9987e77a399f0465266b6252742bd2f5f3d27f1bab157977b7a088af952f0b91	01a8914f2b91cbf2dd9735b9a4aee7cc8bec8974995f981afe5a2a8b997c00f3	38818	
build/base/source/items/weapons.obj	5aa0f5e66043eee2c426b9465dd258dcab9bec574c484be7744e4fd626c4da52	866a8e767940ee1ec5c90f9c5d54da93ea8cf05fa47f0bc833ad98fc9d7240e5	49573	
build/base/source/main/console.obj	2e91e2ecd3fc40be53e63f6848285fdd895f475d37a8b74c64102bc41198f63a	c18df4f78d7e9c65e7adf58a0e1d1ce816dcf520374b78524ceac2825c6596f8	9201	
build/base/source/main/main.obj	856c8da9787246098716d78469382ff43e5a0ababb660670e247cf36d93d8c8a	a9e1c5a7b4c38843e591997a3a585158e74ce38738fda010302c9cc11cc8ea71	67601	
build/base/source/math/periodic_functions.obj	8ba2e68caf0c6d325ffbc2a8ebf0fa1fb4d9215b7e57c66e5b46607ba34d2859	2b918588c92f62f0f42d856c37873d10b3f8953bbfbcb138a6edf72032679d8d	13267	
build/base/source/memory/lruv_cache.obj	ea125cba70961c2fd0b05891d6ba43317ec3829296e93e9d033fb345a66425f3	cb7fa41a5a3cf79ca67745af2d984f2357f5ac9b3d18c43727a507cec8c06184	14514	
build/base/source/memory/zlib/gzio.obj	731d464a3a62b164c28f0e95101d63970ae6f3cc17fb5c562fecfed11fb794ee	b1f60c8bfd8077877084f9d65390d1b3f47368ac783b92736b62fb57baefbb2b	10778	
build/base/source/memory/zlib/infblock.obj	16c77c3dbeed1c203d7df94d98180898bb9c9e44bf48c4a035c295d928c7e06e	5711e2b9e03681ed90363f785349dcd105281546e6cd5d5984f14d6a1f01628d	9679	
build/base/source/memory/zlib/zutil.obj	4bb7bfe32d0e2c054dab577481fc4e3875e99b80e9e22a0a2ac5a2b1f0c57036	8e0f4495d4df2d1215a6b0c676ed52646a912bca280bf345f7266e4ad865c45f	3325	
build/base/source/models/model_animation_definitions.obj	0d18e833a58cebf1accc1cfb51d7e079ee0e5c98eb45636834a5211095896ef6	200ed6881d4dee288c3d8c0d35aef32177eb36f7aa28bceb63780690762af4f5	24738	
build/base/source/models/models.obj	aeb935a36749297b2761e09ee61f7279253e3f19b55982e1de0791aee5220328	a0442962aabbe71f3522b724f91fd8dda731d4db637c313f7be0ff726c8e7b54	17157	
build/base/source/networking/network_messages.obj	e3a10c6038be41a012e278f27ed55615c82567b226a2efeafb43a32e97e907d4	8a61f981f6d3f65399ea25adbe8bfdb9cedfa70419c7f5c23bc05a4e3e6b6dda	24983	
build/base/source/objects/objects.obj	c2035011141efe909404c7e99f387869ca91467b10a1b89442a87fa2b30e7d0e	278c0218f8a06e5e9887985ba906d58898d4a8fbaca502eceb2533fd044e5143	107157	
build/base/source/physics/collision_bsp_definitions.obj	697b0c36f41d64dc2e4c29b9ffadc5224be7c73ef679052480f33bd3ba03c361	781b56c0e9b3fad31ef269b8abc78cb2ef0d0d465dabd5d01e9eb81dd5dd7674	7978	
build/base/source/physics/collision_debug.obj	1d62359fc819224b577119346264bccbb8742e1448d8e8d454cf4d71cf783505	d6e10501a187f0eee4bcd5043584aa714785394cd76910024680a2bd0cafcc33	16915	
build/base/source/physics/collision_usage.obj	f01f58af53ed613e5dfa07d8b5cc9568e33a603b708aaba5baf7a2ee21ad524f	b1c3953158b9bc41e870881d47185d5e6a085d188d096462c9d73a004b8cca08	16835	
build/base/source/rasterizer/rasterizer_geometry.obj	c821b073449f894acb2ebcd6e4ea77b038f5a09b236ef419108f14f0d4eb5569	97b2ef21c26eac228f01286db239abfedc19dc41db78192cf88dc428d9b3fe6e	16749	
build/base/source/rasterizer/rasterizer_swizzle.obj	e98e6bc1fb318c4feaff2b33870a7e5d62bce82448b01586e7d69fc7aa787574	cad1780076f40717ea2c0dee7e9c02d3fddccbb2c1581e326b724d9e1f1e2bad	12336	
build/base/source/rasterizer/xbox/rasterizer_xbox.obj	0ed2d651e0b25442a4d4d44887209e8a1371197dad3b0b32fe323d9bda691783	32d80bd8f606af3233aaa14d6335cbcd498130d46dbd7a19cff54746831875c2	79593	
build/base/source/rasterizer/xbox/rasterizer_xbox_decals.obj	53cfcbc10d3f672706911f268673ba7de065a2063c8e2e90ef40626bc96e40d2	544636df50200c3a0e304e06104d992307e5862e55a9fcbc472f87db086a735d	23577	
build/base/source/rasterizer/xbox/rasterizer_xbox_hardware_bitmaps.obj	5f65202597d036bf4c97966e84eead4bf1c149af2620f5e619a0c441d129191d	efca366d1079a6c22eb539c8b8b416ada0600cb738f6803408003db45195a660	13311	
build/base/source/render/render_debug.obj	b025e879457746dcb12561c632df04a081e21f7cc8435a744856f153300da63d	7127aac760509e59b24e4619d546b8b7e2922a07b32b2907c5211e06490c9dd0	34075	
build/base/source/saved games/game_state.obj	1b28a09d66e6ba04c07b2417cfde29ce3e95effefc2a12c4d73230d116d5a80c	98f80126270c86f974ae388e5f799077213b72c874f1771498203818c0aad638	16683	
build/base/source/scenario/scenario.obj	2c3d639ecd33e4f79de1d33b520da9c429c8850f02de76904ed91b9891c7577a	f2b22a2498dd62aa8eb50a75515c1dd8287caea4213f7341d06f848095b4b0ab	32145	
build/base/source/shaders/shader_definitions.obj	1628de70784265c15ed44330c797119f02598f48cff2d09d15d3e3f37755f2b4	bb4bb248890f6bb23e1d344f6053ed6d59320614e2320ef4d81d31fe18d3cf48	2025	
build/base/source/sound/game_sound.obj	9944cc9804f27dd5fda2809040042021b1d0de5b645c130f612509bacc66d2f5	4e4a6d7521664aa28eebb6a343983fbaab2f251b75c0dd16591d6934601c827c	20482	
build/base/source/sound/sound_classes.obj	c2639f9d58c113a729bfe42077ac3bd08315381d668854fdf1ef47d53c8f8cbb	0b3ca714a338b6841a7e6264e377191d7aba3246d910692e47d6d3d80bd3e563	14216	
build/base/source/sound/sound_dsound_xbox.obj	5b2f2abcfc0a468160dfc92eb333c96b1b6074c3cddfff8754e47e1d260133b7	4b31617d46a8104ee32cb4cb2e3e948caf0448b1c882a07df212be633b41b1d1	58548	
build/base/source/tag_files/files.obj	c2f6f2421e5b2ef5f4107608edf5ef375ccf67298d769a98406c7e6e815d4d9c	c5324b89d71f3183fc18d65f0c933a9d4a13554f4df4c1e962a6e33588c2c2c2	13260	
build/base/source/text/unicode.obj	d36a4d2210e24d6fd7772d6c9c1645a45b59038f7b17f84dbe886275d334d927	3f66c89bd6d693d2375e6d02ddf1a0da03d7041a701c8ae2983c223bd39eb57b	32666	
build/base/source/tool/error_geometry.obj	9abda32ba05d5c69d40f98350f6b1d66896bcd460cf76c06b903d252336084a1	435fe32a9b8d932fe475cc5adf659ab8051dc14603fd1dfebcdf057ebf4795ed	27917	
build/base/source/units/bipeds.obj	552e6ecd7646d95aa9e99be9e3f1760890a8faa3712e4fc9d94dddde6aac67dd	dc98501b775c4c832b15c311dd7be97464591cc9733774a91dbf16d81cbea6a0	70287	
build/base/source/units/dialogue_definitions.obj	152dfde72917fe046fbfbcb463a64a44050013397b9efc399bf41502ee5d16e3	4fd8a71a8a4a48e09999fafc2c4e1b88000f6ccd13b50763e5f7d2e76e1b9975	52679	
build/base/source/units/unit_dialogue.obj	d7b9b7aedf346d94b117a2cad22beb508fd4f5d93db9a5559f7cf98d6a2eb0bb	90b642e7c45e01499c7f340fba6991fe04b333a1e44205b1ce1a4f915a8570da	16572	
build/base/source/units/units.obj	665954f6849c883605208a06f5881af40095a1e107eacaf0799b38268b2a98ca	d3e2a12c00996c48a07aa9f1230428e2728ab19b05c3e45edf19bc9eaf3fa207	156648	
build/split/source/ai/action_alert.obj	351ff0de9ddfea9b3c03a9038abab75b0c4b48290443b33e09c33105b41ab61a	2bc02b862f823d9c4d4899a34cfd5f80fd8200a7f3b738bc6d91a62ed57c592f	6081	
build/split/source/ai/action_charge.obj	a906f0ec24b0313a056d4a413eaf85ee32f22f02c45878261bcae4521bfa63c8	c963df4ee08f08187398a3ffa0aaf0a278e47a1a660b7ab2fa108a343d4f7431	13860	
build/split/source/ai/action_obey.obj	d52f369da57e8b4d9ebaaf8f2892ae631069650db807edaeac46339ab73c600e	579750ffe116122cc34d3a9844dcb099821964a7c956a9d7f2fee50b0b8c45e5	37937	research/compiler_application_20260925/gates/Q12/objects/build/split/source/ai/action_obey.obj
build/split/source/ai/action_uncover.obj	82fd7ef88e212ebca0a7afe5e7eae37eef82054020988046090774865e5bb135	b69544549845622d16de7c6ddb7496f6b85255f6a75d71a5be5434989a960377	7978	
build/split/source/ai/action_vehicle.obj	2831f1bfc7eb05990c95461400fe1e2bd032622dcf7382b7991ef70bdf1fdc8f	bd7db2d4a0c161b73d41c764fa1b5b2783fe81d8b099763a7d544c52d89bc9b1	11891	
build/split/source/ai/actions.obj	624bb4506adff68e9888a20e44042f28ec7f7e4fdc33115c64c25beb1270b5b5	c5f1f6a33c086831297a98832368dec358a013d456b0a48b36a87658c566b778	53049	research/compiler_application_20260925/gates/Q12/objects/build/split/source/ai/actions.obj
build/split/source/ai/actor_combat.obj	6b03de7c18bdcec6558997ee5461d073cdb33b80d80e67d584bc443cff5271f7	1455efc078404ada81c3e7f4d6276bab0f5d68108f7c25e49cecc7fa7e9b0fb3	27813	
build/split/source/ai/actor_firing_position.obj	3d65f94659b57787332a11c210100dad5b488623133d41c53c93f91942ce7478	d01550632ad32fcf3f6694d17126677ce167106fa414cf1be57bfa0e3793e411	33029	research/compiler_application_20260925/gates/Q12/objects/build/split/source/ai/actor_firing_position.obj
build/split/source/ai/actor_looking.obj	dd3d2dcb90286a161dbbe38ca7eac8afd01ea947e822a10387f47f90c1d6aab2	a0549248324b16fb6c06904f86635e12b17f20f366c48f5724e970dadc09b4a7	30402	research/compiler_application_20260925/gates/Q12/objects/build/split/source/ai/actor_looking.obj
build/split/source/ai/actor_moving.obj	92fb8f9c925d2dd19b06d06ff1716aea80b3e8a21c5183dee898547af689ae00	9d3f499ba7326c27151defea1edc762b5742ebdd814d76b4dc2367040f5bcfd6	45602	
build/split/source/ai/actor_perception.obj	c5ec079bb396163810ade4a226b99d2f9bb4235d74f9d21442361d5c808bad2f	9d3ad02243003382a629b7688b32a22d80121a593c890028b5820c31d272758d	62964	
build/split/source/ai/actor_stimulus.obj	df66a3343163344d9cd0be4395c5e87f56e28b81e61b14560850ccf27c71cdef	5ee9f5dc7a4afae25ebfbf272cdf9671beb06acd072d11f8bbffffd0295e85fd	12696	
build/split/source/ai/actor_type_crew.obj	bb7340b16c80a7e896cbf484a8b3ce50eefd2be13cc60e04a48b64c25dbcb964	37ae3b28faf44a24439a1a19e01df12d76a79fd944c09b6572121de1e4cae051	2529	
build/split/source/ai/actor_type_elite.obj	2e563b23a9b3c3410d37c97b66e6d23e927d59333203d20b698315e4326080f9	83ed111700632e0b707bc681a43651652f9a78aaed151545c72abba6c26f0ad8	3167	
build/split/source/ai/actor_type_engineer.obj	41a1b6ea1f29458410320d81bde66274c97e2d97b9ae33e7b06652fb825c3f95	0c508b8e8a4b8547f3307d68be72c305c191b508b194587e6015fd63f05c02e3	2543	
build/split/source/ai/actor_type_flood.obj	4745f54f5bf2671204b8309af5b8da89cccb4c7acc40ed0c0df8de8e4da757bc	f95092bad0987495fb1737d404aef3bccd28bd1e21b77e510e6b6208f0f5a04a	5397	
build/split/source/ai/actor_type_grunt.obj	ca05fc957b7263e9e1cc181c953d83b34f8047483b28d2971bbc3101dad448ea	12818251538cd72199ace8543b2af60db9013567760724470f57f48592024cf5	2981	
build/split/source/ai/actor_type_hunter.obj	d1a01d01e5309d1da85fbed70a95df3d0f873a62b1712ee962ce4bb989084f4a	2649974afdb8ec3ccd1933f5b08c1dbfb1027b4fa3435a575e68188771e4b18a	1862	
build/split/source/ai/actor_type_jackal.obj	b37f8fbaf7de4c1b5522552b56fa598fb8af92bc322976e3f3c152b62ecdfad9	50ef63bace31c07bb8fb28a90060c7d6be931c6bee3d5e428c0bab87c75ff6b6	2847	
build/split/source/ai/actor_type_marine.obj	de0919b61f3d299c2ef7941f58cdf943963881e3dd354e17158df8dcf0b03756	f75178b8be16223145fb8614c9a4b6c859277c86d2a1c464370e7b7e8eeedf1f	2832	
build/split/source/ai/actor_type_sentinel.obj	9d9a4a0d755841d154ee0ba9d5820992538f06075bd115571cd59c55489526be	df522b86f0828b6938fdb7b52fe95071b21bdc1cd316e2b4f8e5a402fc148a4a	1943	
build/split/source/ai/actor_types.obj	933cd869f7f2496a7d2e33bdb13c3c8a0f13864a19b5dd26d7119bf7b3bea48d	61f1d1d155dfd406a9fe32091915142d719e1cf96ca325df215f9ca9738d30f4	8231	
build/split/source/ai/actors.obj	e07c0f6375faf94da001d8d594aeae65fc57c1597cadf74323f3b1038c7c8e95	b774db2906ac05e105615c892d0864892e6ef6deaf0721221254933ab9c2c609	57024	
build/split/source/ai/ai.obj	c0fe7d7d117e1baf26a0b65de3b76b30d5bd5ea1b369a379a7a62bcf4692d9d6	06b593d03b94a3bf2f809b2db27ad07f15feda2d5e591cb502044a9b1e7cb45c	42578	research/compiler_application_20260925/gates/Q12/objects/build/split/source/ai/ai.obj
build/split/source/ai/ai_communication.obj	7c63a9cdfdfce1f3faf3f1316010be76c191175f60462142384599bae9140535	abd5824aebfd60dfe4819b7aa142e5dd00818f0600bb02d28acee3cb291eea07	91140	research/compiler_application_20260925/gates/Q12/objects/build/split/source/ai/ai_communication.obj
build/split/source/ai/ai_debug.obj	c8a62d4199a73333df020be794bffe55caa9d130c256e934b494632e319d48ad	584816f73ce720d4c9f4501c5a2ce388c03f30a1179025d9f76018d818a09328	143138	research/compiler_application_20260925/gates/Q12/objects/build/split/source/ai/ai_debug.obj
build/split/source/bitmaps/bitmap_extract.obj	6d186cfa0163f99d33659c0cef225e17010ca8b613bbd0f257789d705cb976ce	b43c9fc0a502d4bc5435586979691566ff91942797ba2367bc56912ce8c714a4	43304	
build/split/source/bitmaps/bitmap_group.obj	9c138a38b3f364d94dcfd0e2a389594e0cf118588d71ff16ea631a66a40c4e7c	8405003c7ffd02b2c115778acc1554739047901164c5473249654e3e81d216dc	34642	research/compiler_application_20260925/gates/Q12/objects/build/split/source/bitmaps/bitmap_group.obj
build/split/source/cseries/headers.obj	d8c599bc5901caacfaded0c73a1f07c66e255d7a5370a4c4e038074381dcbb4d	ed93f6ce6e101ab79eb2b5bb6f33d86754143a99b7ac429161a4feac191afa5a	212	
build/split/source/game/game_engine.obj	3f7be88f763e8583e5c841a83f91e8a845116ce40b25b5a80601e454c42177e0	92db708267d837ac14efbb3a4874621a5f4b5322eaf817c2f89ceea1620f6597	94637	research/compiler_application_20260925/gates/Q12/objects/build/split/source/game/game_engine.obj
build/split/source/game/game_engine_king.obj	1977994ee6b936cf6a92a3e23906d0d66a339fd29c3457c149363cafc517f996	b3886b77739fc3084d526f41919083bed623e23600db90b2d46c9e1c6f058c99	16672	research/compiler_application_20260925/gates/Q12/objects/build/split/source/game/game_engine_king.obj
build/split/source/interface/progress_bar.obj	efd808fdff1238892a50e44196ec5411e1857bc69d53b815534af4102b327a54	65bbd94a8b2c44ae0b9c18acebc8ad91b1a0f6c16b9f55fa89683dec94a82c80	47068	
build/split/source/rasterizer/xbox/rasterizer_xbox_decals.obj	24d30e1da526443563d90ad60a9ca61f28177d7b13be62644600ea9b74b2c095	432075b679d14058d2a47dd81da5b6a44ce0509417e7aad87e623d01e1006a62	20405	
