rank,unit,function,meaningful_bytes,padded_target,padded_base,relocation_count_delta,frame_delta,park_class,strict_status,evidence
1,source/ai/ai_debug,_ai_debug_render_actor,24576,24976,25008,0,0,not-parked,R,research/fifty_objects_r2_20260924/results/r2w4/REVIEW__source_ai_ai_debug.md; research/fifty_objects_r2_20260924/results/r2w4/source_ai_ai_debug.md; research/fifty_objects_r2_20260924/results/r2w1/TRIAGE__source_ai_ai_debug.md; docs/object_matching_logs/claude_structural_HANDOFF_20260923.md; docs/object_matching_logs/ai_debug_jmptable_owner_20260923.md; docs/object_matching_logs/claude_lane_a_waveC_20260920.md; docs/object_matching_logs/claude_lane_a_waveB_frame_and_nearexact_20260920.md; docs/object_matching_logs/claude_lane_a_structural_vs_tie_census_20260920.md
2,source/ai/ai_communication,_ai_communication_event,8064,8064,8128,0,0,not-parked,R,docs/object_matching_logs/claude_halo_r3_20260924.md; docs/object_matching_logs/claude_structural_HANDOFF_20260923.md; docs/object_matching_logs/claude_lane_a_waveC_20260920.md; docs/object_matching_logs/claude_lane_a_waveA5_allegiance_20260920.md; docs/object_matching_logs/claude_lane_a_waveA3_communication_20260920.md; docs/object_matching_logs/claude_lane_a_residual_triage_20260920.md; docs/object_matching_logs/claude_lane_a_deferred_header_prerequisite_allegiance_20260920.md; docs/object_matching_logs/claude_lane_a_data_section_credit_20260920.md
3,source/effects/decals,_decal_new_from_collision,6162,6176,6176,0,-4,not-parked,R,research/fifty_objects_20260925/results/wave1/provider_repair_source_effects_decals.md; research/fifty_objects_r2_20260924/results/r2w4/REVIEW__source_effects_decals.md; research/fifty_objects_r2_20260924/results/r2w4/source_effects_decals.md; docs/object_matching_logs/claude_decals_physics_20260924.md; docs/object_matching_logs/astra_90pct_wave4_decals_independent_review_20260920.md; docs/object_matching_logs/astra_90pct_wave4_decals_20260920.md; docs/object_matching_logs/astra_90pct_research_atlas_20260920.md; docs/object_matching_logs/opus5_next150_research_campaign_20260916.md
4,source/units/bipeds,_biped_update_physics,5366,5376,5376,0,8,not-parked,R,docs/object_matching_logs/claude_lane_a_HANDOFF_TO_LANE_B_20260921.md; docs/object_matching_logs/claude_lane_b_rejected_hypotheses_20260920.md; docs/object_matching_logs/claude_lane_b_HANDOFF_20260920.md; docs/object_matching_logs/astra_90pct_wave3_header_evidence_20260920.md; docs/object_matching_logs/astra_90pct_wave3_bipeds_packet_20260920.md; docs/object_matching_logs/astra_90pct_wave3_bipeds_independent_review_20260920.md; docs/object_matching_logs/astra_90pct_wave3_accounting_independent_review_20260920.md; docs/object_matching_logs/astra_90pct_research_atlas_20260920.md
5,source/rasterizer/xbox/rasterizer_xbox_models,__rasterizer_model_draw,5165,5168,5168,-2,0,tu-context-optimization,R,research/fifty_objects_20260925/w/review4_rasterizer_xbox_models__ownership_/REVIEW.md; research/fifty_objects_20260925/w/review2_rasterizer_xbox_shadows/REVIEW.md; research/fifty_objects_20260925/results/wave4/REVIEW__source_rasterizer_xbox_rasterizer_xbox_models_ownership_config_symbols_json_storage_for_th.md; research/fifty_objects_20260925/results/wave4/REVIEW__source_rasterizer_xbox_rasterizer_xbox_models.md; research/fifty_objects_20260925/results/wave4/xbox_models_source_rasterizer_xbox_rasterizer_xbox_models__rasterizer_model_draw_environment_shader.md; research/fifty_objects_20260925/results/wave4/xbox_models_source_rasterizer_xbox_rasterizer_xbox_models___rasterizer_model_draw.md; research/fifty_objects_20260925/results/wave2/fn2_rasterizer_xbox_shadows_source_rasterizer_xbox_rasterizer_xbox_shadows.md; docs/object_matching_logs/claude_fifty_objects_20260925_owner_queue.md
6,source/physics/physics,_physics_update_old,5163,5168,5456,3,48,not-parked,R,research/fifty_objects_20260925/w/review2_render_objects/REVIEW.md; research/fifty_objects_20260925/results/wave2/REVIEW__source_render_render_objects.md; research/fifty_objects_20260925/results/wave2/bounding_sphere_source_render_render_objects.md; research/fifty_objects_20260925/results/wave2/bounding_sphere_source_objects_object_lights.md; research/fifty_objects_20260925/results/wave2/bounding_sphere_source_ai_action_vehicle.md; research/fifty_objects_20260925/results/wave2/bounding_sphere_ai_actor_moving_ai_ai_debug_interface_hud_nav_points_interface_motion_sens.md; docs/object_matching_logs/claude_decals_physics_20260924.md; docs/object_matching_logs/claude_lane_b_rejected_hypotheses_20260920.md
7,source/physics/collisions,_collision_move_point,4744,4752,4752,0,0,not-parked,R,research/fifty_objects_20260925/w/review_players (header-packet function gains)/REVIEW.md; research/fifty_objects_20260925/w/review_collisions/REVIEW.md; research/fifty_objects_20260925/w/review2_render_objects/REVIEW.md; research/fifty_objects_20260925/results/wave2/REVIEW__source_render_render_objects.md; research/fifty_objects_20260925/results/wave2/REVIEW__review_layer2_commit_931ed8dc_Layer_2_shared_header_packet_.md; research/fifty_objects_20260925/results/wave1/REVIEW__source_physics_collisions.md; research/fifty_objects_20260925/results/wave1/REVIEW__source_math_geometry_source_game_players_Layer_2_ABRPL_header_packet_function_ga.md; research/fifty_objects_20260925/results/wave2/bounding_sphere_source_render_render_objects.md
8,source/ai/actor_looking,_actor_look_update,4714,4720,4704,0,0,not-parked,R,research/fifty_objects_20260925/w/review_actor_looking/REVIEW.md; research/fifty_objects_20260925/results/wave1/REVIEW__source_ai_actor_looking_actor_look_idle_find_prop_FUNCTIONS_EXACT_OBJECT_BLOCKED.md; research/fifty_objects_20260925/results/wave1/fn_collisions_source_physics_collisions.md; research/fifty_objects_20260925/results/wave1/fn_actor_looking_ai_actor_looking_actor_look_update.md; research/fifty_objects_20260925/results/wave1/fn_actor_looking_ai_actor_looking_actor_look_idle_find_prop.md; docs/object_matching_logs/claude_fifty_objects_20260925_owner_queue.md; docs/object_matching_logs/claude_fifty_objects_20260925.md; research/fifty_objects_r2_20260924/results/r2w2/PRECEDENT_AUDIT.md
9,source/structures/structure_lens_flares,_build_structure_lens_flares,4331,4336,4336,0,0,instruction-scheduling,R,docs/object_matching_logs/astra_90pct_research5_structure_lens_20260920.md; docs/object_matching_logs/structure_lens_flares_obj_opus5_250k_w3c_20260915.md; docs/object_matching_logs/structure_lens_flares_obj_opus5_150k_w2_20260914.md; docs/object_matching_logs/structure_lens_flares_obj_jonas_authenticated_fuzzy_closeout_20260901.md; docs/object_matching_logs/wind_obj_jonas_partial.md; docs/object_matching_logs/structure_lens_flares_obj_jonas_policy_reconciled_20260829.md; docs/object_matching_logs/structure_lens_flares_obj_jonas_grid_topology_recovery_20260826.md; docs/object_matching_logs/structure_lens_flares_obj_jonas_fable_uniform_boundary_20260830.md
10,source/ai/actor_moving,_actor_move_vector_avoidance,4130,4144,4128,0,4,not-parked,R,docs/object_matching_logs/claude_lane_a_waveC_20260920.md; docs/object_matching_logs/claude_lane_a_waveA4_actor_moving_20260920.md; docs/object_matching_logs/claude_lane_a_residual_triage_20260920.md; docs/object_matching_logs/claude_lane_a_hoist_lever_worked_examples_20260920.md; docs/object_matching_logs/claude_lane_a_ai_core_rejected_hypotheses_20260920.md; docs/object_matching_logs/claude_lane_a_ai_core_HANDOFF_20260920.md; docs/object_matching_logs/astra_90pct_wave13_call_sequence_census_20260920.md; docs/object_matching_logs/astra_90pct_research_atlas_20260920.md
11,source/units/bipeds,_biped_update_moving,4071,4080,4000,0,16,not-parked,R,research/fifty_objects_20260925/results/wave3/players_source_game_players__player_examine_nearby_device_176_.md; research/fifty_objects_r2_20260924/results/r2w1/TRIAGE__source_units_bipeds.md; docs/object_matching_logs/claude_lane_a_HANDOFF_TO_LANE_B_20260921.md; docs/object_matching_logs/claude_lane_b_rejected_hypotheses_20260920.md; docs/object_matching_logs/claude_lane_b_HANDOFF_20260920.md; docs/object_matching_logs/claude_lane_a_waveA2_fuzzy_20260920.md; docs/object_matching_logs/claude_lane_a_ai_core_rejected_hypotheses_20260920.md; docs/object_matching_logs/claude_lane_a_adjudication_paren_accessor_20260920.md
12,source/rasterizer/xbox/rasterizer_xbox_environment,__rasterizer_environment_lightmap_draw,4008,4016,3984,-2,0,not-parked,R,research/fifty_objects_r2_20260924/results/r2w1/source_rasterizer_xbox_rasterizer_xbox_environment.md; research/fifty_objects_r2_20260924/results/r2w1/TRIAGE__source_rasterizer_xbox_rasterizer_xbox_environment.md; docs/object_matching_logs/claude_structural_owner_packet_20260923.md; docs/object_matching_logs/claude_lanes_AB_HANDOFF_TO_LANE_C_20260921.md; docs/object_matching_logs/claude_lane_b_HANDOFF_20260920.md; docs/object_matching_logs/astra_90pct_wave17_environment_branches_20260920.md; docs/object_matching_logs/astra_90pct_research_atlas_20260920.md; docs/object_matching_logs/astra_90pct_research7_environment_topology_followup_20260920.md
13,source/rasterizer/xbox/rasterizer_xbox_environment_fog,__rasterizer_environment_fog_screen_begin,3901,3904,4000,-3,68,not-parked,R,research/fifty_objects_20260925/results/wave1/fn_rasterizer_xbox_environment_fog_rasterizer_environment_fog_screen_begin_rasterizer_xbox.md; research/fifty_objects_r2_20260924/results/r2w4/REVIEW__source_rasterizer_xbox_rasterizer_xbox_environment_fog.md; research/fifty_objects_r2_20260924/results/r2w4/source_rasterizer_xbox_rasterizer_xbox_environment_fog.md; research/fifty_objects_r2_20260924/results/r2w1/TRIAGE__source_rasterizer_xbox_rasterizer_xbox_environment_fog.md; docs/object_matching_logs/claude_lanes_AB_HANDOFF_TO_LANE_C_20260921.md; docs/object_matching_logs/astra_90pct_wave13_call_sequence_census_20260920.md; docs/object_matching_logs/astra_90pct_research_atlas_20260920.md; docs/object_matching_logs/opus5_next150_research_campaign_20260916.md
14,source/render/render_cameras,_render_camera_build_frustum,3370,3376,3408,-1,24,unclassified,R,research/fifty_objects_20260925/results/wave2/fn2_render_cameras_source_render_render_cameras.md; research/fifty_objects_r2_20260924/results/r2w4/REVIEW__source_render_render_cameras.md; research/fifty_objects_r2_20260924/results/r2w4/source_render_render_cameras.md; research/fifty_objects_r2_20260924/results/r2w1/TRIAGE__source_render_render_cameras.md; docs/object_matching_logs/claude_halo_r3_20260924.md; docs/object_matching_logs/claude_lanes_AB_HANDOFF_TO_LANE_C_20260921.md; docs/object_matching_logs/render_cameras_obj_large_closeout_evidence_pass_20260919.md; docs/object_matching_logs/opus5_next150_research_campaign_20260916.md
15,source/ai/action_charge,_action_charge_perform,3246,3248,3264,0,0,not-parked,R,research/fifty_objects_20260925/w/review_weapons/REVIEW.md; research/fifty_objects_20260925/w/review_action_charge/REVIEW.md; research/fifty_objects_20260925/results/wave1/REVIEW__source_items_weapons.md; research/fifty_objects_20260925/results/wave1/REVIEW__source_ai_action_charge.md; research/fifty_objects_20260925/results/wave1/fn_action_charge_source_ai_action_charge.md; research/fifty_objects_r2_20260924/results/r2w2/PRECEDENT_AUDIT.md; research/fifty_objects_r2_20260924/results/r2w1/TRIAGE__source_ai_action_charge.md; docs/object_matching_logs/claude_structural_owner_packet_20260923.md
16,source/ai/actor_moving,_actor_move_update,3128,3136,3136,0,0,not-parked,R,docs/object_matching_logs/claude_lane_a_waveC_20260920.md; docs/object_matching_logs/claude_lane_a_waveA4_actor_moving_20260920.md; docs/object_matching_logs/claude_lane_a_residual_triage_20260920.md; docs/object_matching_logs/claude_lane_a_ai_core_rejected_hypotheses_20260920.md; docs/object_matching_logs/claude_lane_a_ai_core_HANDOFF_20260920.md; docs/object_matching_logs/astra_90pct_wave13_call_sequence_census_20260920.md; docs/object_matching_logs/astra_90pct_research11_independent_review_20260920.md; docs/object_matching_logs/astra_90pct_research11_actor_move_update_20260920.md
17,source/rasterizer/xbox/rasterizer_xbox_models,_rasterizer_model_draw_environment_shader,3103,3104,3104,0,0,instruction-scheduling,R,research/fifty_objects_20260925/results/wave4/REVIEW__source_rasterizer_xbox_rasterizer_xbox_models.md; research/fifty_objects_20260925/results/wave4/xbox_models_source_rasterizer_xbox_rasterizer_xbox_models__rasterizer_model_draw_environment_shader.md; research/fifty_objects_r2_20260924/results/r2w1/TRIAGE__source_rasterizer_xbox_rasterizer_xbox_models.md; docs/object_matching_logs/astra_90pct_research16_model_context_20260920.md; docs/object_matching_logs/opus5_250k_house_clean_checkpoint_20260915.md; docs/object_matching_logs/observer_obj_opus5_250k_w3d_20260915.md; docs/object_matching_logs/rasterizer_xbox_models_obj_opus5_150k_w3_20260914.md; docs/object_matching_logs/rasterizer_xbox_models_obj_opus5_150k_w1_20260914.md
18,source/physics/physics,_physics_compute_new,2930,2944,3120,2,20,unclassified,R,docs/object_matching_logs/claude_decals_physics_20260924.md; docs/object_matching_logs/claude_lane_b_rejected_hypotheses_20260920.md; docs/object_matching_logs/claude_lane_b_HANDOFF_20260920.md; docs/object_matching_logs/physics_obj_opus5_150k_w3_20260914.md; docs/object_matching_logs/physics_obj_opus5_150k_w1_20260914.md; docs/object_matching_logs/physics_obj_opus5_100k_20260914.md; docs/object_matching_logs/claude_fable_opus_reconciliation_checkpoint_20260908.md
19,source/interface/hud_weapon,_render_weapon_hud,2645,2656,2624,1,0,not-parked,R,research/fifty_objects_20260925/w/review4_hud_weapon/REVIEW.md; research/fifty_objects_20260925/w/review4_hud_unit/REVIEW.md; research/fifty_objects_20260925/w/review4_hud_draw/REVIEW.md; research/fifty_objects_20260925/results/wave4/REVIEW__source_interface_hud_weapon.md; research/fifty_objects_20260925/results/wave4/REVIEW__source_interface_hud_unit.md; research/fifty_objects_20260925/results/wave4/REVIEW__source_interface_hud_draw.md; research/fifty_objects_20260925/results/wave4/hud_weapon_source_interface_hud_weapon_object_.md; research/fifty_objects_20260925/results/wave4/hud_weapon_source_interface_hud_weapon__render_weapon_hud.md
20,source/objects/widgets/lightning,_lightning_submit,2571,2576,2576,0,0,unclassified,R,research/fifty_objects_20260925/results/wave2/fn2_lightning_source_objects_widgets_lightning.md; research/fifty_objects_r2_20260924/results/r2w1/TRIAGE__source_objects_widgets_lightning.md; docs/object_matching_logs/lightning_smallest_five_followup_20260924.md; docs/object_matching_logs/astra_90pct_research16_light_context_20260920.md; docs/object_matching_logs/rasterizer_xbox_lights_obj_opus5_150k_w3_20260914.md; docs/object_matching_logs/rasterizer_xbox_lights_obj_opus5_150k_w2_20260914.md; docs/object_matching_logs/lightning_obj_opus5_150k_w3_20260914.md; docs/object_matching_logs/lightning_obj_opus5_150k_w2_20260914.md
21,source/units/vehicles,_update_alien_scout_physics,2456,2464,2464,0,12,not-parked,R,research/fifty_objects_20260925/w/review_vehicles/REVIEW.md; research/fifty_objects_20260925/results/wave1/REVIEW__source_units_vehicles.md; research/fifty_objects_20260925/results/wave1/fn_vehicles_source_units_vehicles.md; research/fifty_objects_r2_20260924/results/r2w2/source_units_vehicles.md; research/fifty_objects_r2_20260924/results/r2w2/PRECEDENT_AUDIT.md; research/fifty_objects_r2_20260924/results/r2w1/TRIAGE__source_units_vehicles.md; docs/object_matching_logs/claude_halo_r3_20260924.md; docs/object_matching_logs/claude_structural_owner_packet_20260923.md
22,source/rasterizer/xbox/rasterizer_xbox_lights,_rasterizer_sun_glow_draw,2338,2352,2352,0,0,unclassified,R,research/fifty_objects_20260925/w/review_files_windows/REVIEW.md; research/fifty_objects_20260925/results/wave1/REVIEW__source_tag_files_files_windows.md; research/fifty_objects_20260925/results/wave2/fn2_rasterizer_xbox_lights_source_rasterizer_xbox_rasterizer_xbox_lights.md; docs/object_matching_logs/claude_lanes_AB_HANDOFF_TO_LANE_C_20260921.md; docs/object_matching_logs/claude_lane_c_graphics_ui_HANDOFF_20260920.md; docs/object_matching_logs/claude_lane_a_frame_mismatch_census_20260920.md; docs/object_matching_logs/game_sound_obj_opus5_next150_n4_20260915.md; docs/object_matching_logs/rasterizer_xbox_lights_obj_opus5_150k_w3_20260914.md
23,source/interface/hud_weapon,_crosshairs_draw,2247,2256,2256,1,-4,not-parked,R,research/fifty_objects_20260925/w/review4_hud_weapon/REVIEW.md; research/fifty_objects_20260925/results/wave4/REVIEW__source_interface_hud_weapon.md; research/fifty_objects_20260925/results/wave4/hud_weapon_source_interface_hud_weapon_object_.md; research/fifty_objects_20260925/results/wave4/hud_weapon_source_interface_hud_weapon__hud_update_weapon_local_player.md; research/fifty_objects_20260925/results/wave4/hud_weapon_source_interface_hud_weapon__crosshairs_draw.md; research/fifty_objects_20260925/results/wave4/hud_stack_check_source_interface_hud_weapon.md; docs/object_matching_logs/claude_fifty_objects_20260925.md; docs/object_matching_logs/claude_lanes_AB_HANDOFF_TO_LANE_C_20260921.md
24,source/rasterizer/rasterizer_lights,_rasterizer_lens_flares_draw,2226,2240,2240,0,0,unclassified,R,research/fifty_objects_20260925/results/wave4/REVIEW__source_rasterizer_rasterizer_lights_P1_storage_bss_layout_packet_admission_prerequisite_.md; research/fifty_objects_20260925/results/wave4/rasterizer_lights_source_rasterizer_rasterizer_lights__rasterizer_lens_flares_draw_2240_parked_.md; research/fifty_objects_r2_20260924/results/r2w4/source_rasterizer_rasterizer_lights.md; docs/object_matching_logs/claude_halo_r3_20260924.md; docs/object_matching_logs/claude_lanes_AB_HANDOFF_TO_LANE_C_20260921.md; docs/object_matching_logs/astra_90pct_research16_light_context_20260920.md; docs/object_matching_logs/rasterizer_lights_obj_opus5_250k_w3c_20260915.md; docs/object_matching_logs/observer_obj_opus5_250k_w3d_20260915.md
25,source/bitmaps/s3tc/s3tc,_EncodeBlockRGBColorKey,2188,2192,2640,0,-12,unclassified,R,docs/object_matching_logs/claude_lanes_AB_HANDOFF_TO_LANE_C_20260921.md; docs/object_matching_logs/claude_lane_c_graphics_ui_HANDOFF_20260920.md; docs/object_matching_logs/astra_90pct_wave13_call_sequence_census_20260920.md; docs/object_matching_logs/opus5_next150_research_campaign_20260916.md; docs/object_matching_logs/s3tc_obj_opus5_next150_n4_20260915.md; docs/object_matching_logs/s3tc_obj_opus5_next150_n3a_20260915.md; docs/object_matching_logs/s3tc_obj_opus5_250k_w3c_20260915.md; docs/object_matching_logs/s3tc_obj_opus5_150k_w1_20260914.md
26,source/interface/ui_widget,_widget_instance_process_one_event_recursive,2004,2016,1984,-1,0,not-parked,R,research/fifty_objects_r2_20260924/results/r2w2/PRECEDENT_AUDIT.md; research/fifty_objects_r2_20260924/results/r2w1/TRIAGE__source_interface_ui_widget__widget_instance_process_one_event_recursive.md; docs/object_matching_logs/astra_90pct_wave13_call_sequence_census_20260920.md; docs/object_matching_logs/ui_widget_obj_evidence_closeout_20260919.md; docs/object_matching_logs/ui_widget_obj_opus5_150k_w3_20260914.md; docs/object_matching_logs/ui_widget_obj_opus5_150k_w1_20260914.md; docs/object_matching_logs/ui_widget_obj_opus5_100k_20260914.md; docs/object_matching_logs/ui_widget_obj_opus5_house_clean_20260913.md
27,source/effects/effects,_effect_generate_particles,1887,1888,1888,0,0,unclassified,R,research/fifty_objects_20260925/results/wave2/breakable_surfaces_source_physics_breakable_surfaces.md; docs/object_matching_logs/opus5_throughput_recovery_checkpoint_50k_20260916.md; docs/object_matching_logs/opus5_next150_compiler_laws_round2_20260916.md; docs/object_matching_logs/effects_obj_opus5_250k_w3d_20260915.md; docs/object_matching_logs/opus5_100k_consolidated_HANDOFF_20260914.md; docs/object_matching_logs/effects_obj_opus5_150k_w2_20260914.md; docs/object_matching_logs/effects_obj_opus5_100k_waveD_20260914.md; docs/object_matching_logs/effects_obj_opus_reconciliation_20260904.md
28,source/math/geometry,_convex_hull3d_expand,1804,1808,1808,0,0,unclassified,R,research/fifty_objects_20260925/w/review4_geometry__provider_repair_that_unblocks_collision_bsp_s_link_/REVIEW.md; research/fifty_objects_r2_20260924/results/r2w2/PRECEDENT_AUDIT.md; docs/object_matching_logs/claude_structural_owner_packet_20260923.md; docs/object_matching_logs/geometry_obj_opus5_150k_w3_20260914.md; docs/object_matching_logs/geometry_obj_opus5_150k_w2_20260914.md; docs/object_matching_logs/geometry_obj_opus5_100k_waveD_20260914.md; docs/object_matching_logs/geometry_obj_convex_hull3d_begin_expand_reconciliation_20260908.md; docs/object_matching_logs/geometry_obj_fable_clean_pair_reconciliation_20260906.md
29,source/effects/decals,_decal_clip_to_surface,1768,1776,1776,0,4,not-parked,R,research/fifty_objects_20260925/results/wave1/provider_repair_source_effects_decals.md; research/fifty_objects_r2_20260924/results/r2w4/REVIEW__source_effects_decals.md; research/fifty_objects_r2_20260924/results/r2w4/source_effects_decals.md; docs/object_matching_logs/claude_halo_r3_20260924.md; docs/object_matching_logs/claude_decals_physics_20260924.md; docs/object_matching_logs/claude_structural_owner_packet_20260923.md; docs/object_matching_logs/astra_90pct_wave4_decals_independent_review_20260920.md; docs/object_matching_logs/astra_90pct_wave4_decals_20260920.md
30,source/objects/widgets/glow,_get_particle_world_position,1729,1744,2528,12,48,unclassified,R,research/fifty_objects_20260925/w/review2_glow/REVIEW.md; research/fifty_objects_20260925/results/wave2/REVIEW__source_objects_widgets_glow.md; research/fifty_objects_20260925/results/wave2/fn2_glow_source_objects_widgets_glow.md; docs/object_matching_logs/claude_fifty_objects_20260925_owner_queue.md; docs/object_matching_logs/claude_fifty_objects_20260925.md; docs/object_matching_logs/opus5_next150_research_campaign_20260916.md; docs/object_matching_logs/opus5_next150_compiler_laws_round2_20260916.md; docs/object_matching_logs/opus5_next150_HANDOFF_20260915.md
31,source/units/bipeds,_biped_update_turning,1712,1712,1760,0,8,unclassified,R,docs/object_matching_logs/claude_lane_b_rejected_hypotheses_20260920.md; docs/object_matching_logs/claude_lane_b_HANDOFF_20260920.md; docs/object_matching_logs/bipeds_obj_opus5_150k_w3_20260914.md; docs/object_matching_logs/bipeds_obj_opus5_150k_w2_20260914.md; docs/object_matching_logs/bipeds_obj_opus5_100k_waveD_20260914.md; docs/object_matching_logs/bipeds_obj_batch7_exact_and_fuzzy_20260912.md
32,source/effects/weather_particle_systems,_weather_particle_system_render,1665,1680,1680,0,-16,not-parked,R,research/fifty_objects_20260925/w/review_weather_particle_systems/REVIEW.md; research/fifty_objects_20260925/results/wave1/REVIEW__source_effects_weather_particle_systems.md; research/fifty_objects_20260925/results/wave1/fn_weather_particle_systems_source_effects_weather_particle_systems.md; research/fifty_objects_r2_20260924/w/review_r2w2_weather_particle_systems/REVIEW.md; research/fifty_objects_r2_20260924/results/r2w2/REVIEW__source_effects_weather_particle_systems.md; research/fifty_objects_r2_20260924/results/r2w2/source_effects_weather_particle_systems.md; research/fifty_objects_r2_20260924/results/r2w2/PRECEDENT_AUDIT.md; docs/object_matching_logs/weather_particle_systems_obj_helper_recovery_20260923.md
33,source/interface/hud_nav_points,_custom_render_nav_point,1618,1632,1632,0,0,instruction-scheduling,R,research/fifty_objects_20260925/w/review4_hud_nav_points/REVIEW.md; research/fifty_objects_20260925/results/wave4/REVIEW__source_interface_hud_unit.md; research/fifty_objects_20260925/results/wave4/REVIEW__source_interface_hud_nav_points.md; research/fifty_objects_20260925/results/wave2/REVIEW__review_admit2_adversarial_whole_object_admission_review_of_path_render_debug_bip.md; research/fifty_objects_20260925/results/wave4/hud_stack_check_source_interface_hud_nav_points.md; research/fifty_objects_20260925/results/wave3/game_engine_source_game_game_engine.md; research/fifty_objects_20260925/results/wave2/fn2_hud_nav_points_source_interface_hud_nav_points_object_ownership_storage_.md; research/fifty_objects_20260925/results/wave2/fn2_hud_nav_points_source_interface_hud_nav_points_custom_render_nav_point.md
34,source/interface/virtual_keyboard,_virtual_keyboard_render_internal,1609,1616,1584,0,0,not-parked,R,research/fifty_objects_20260925/results/wave1/fn_virtual_keyboard_interface_virtual_keyboard_virtual_keyboard_render_internal.md; research/fifty_objects_r2_20260924/results/r2w1/TRIAGE__source_interface_virtual_keyboard.md; docs/object_matching_logs/astra_90pct_wave13_call_sequence_census_20260920.md; docs/object_matching_logs/virtual_keyboard_obj_opus5_fresh_graphs_20260914.md; docs/object_matching_logs/virtual_keyboard_obj_opus5_150k_w3_20260914.md; docs/object_matching_logs/virtual_keyboard_obj_opus5_150k_w1_20260914.md; docs/object_matching_logs/opus5_fresh_graphs_HANDOFF_20260914.md; docs/object_matching_logs/virtual_keyboard_obj_fable_salvage_admission_20260902.md
35,source/camera/observer,_observer_update_positions,1561,1568,1648,-8,12,unclassified,R,research/fifty_objects_20260925/results/wave2/fn2_observer_source_camera_observer.md; research/fifty_objects_r2_20260924/results/r2w1/TRIAGE__source_camera_observer.md; docs/object_matching_logs/claude_lane_a_frame_mismatch_census_20260920.md; docs/object_matching_logs/claude_lane_a_data_census_20260920.md; docs/object_matching_logs/astra_90pct_wave13_call_sequence_census_20260920.md; docs/object_matching_logs/opus5_throughput_recovery_checkpoint_50k_20260916.md; docs/object_matching_logs/opus5_next150_research_campaign_20260916.md; docs/object_matching_logs/observer_obj_opus5_250k_w3d_20260915.md
36,source/render/render_sprite,_build_sprite,1546,1552,1536,0,-4,not-parked,R,research/fifty_objects_20260925/w/review_weather_particle_systems/REVIEW.md; research/fifty_objects_20260925/results/wave1/fn_weather_particle_systems_source_effects_weather_particle_systems.md; docs/object_matching_logs/cinematics_obj_four_instruction_reprobe_20260924.md; docs/object_matching_logs/claude_lanes_AB_HANDOFF_TO_LANE_C_20260921.md; docs/object_matching_logs/claude_lane_c_graphics_ui_HANDOFF_20260920.md; docs/object_matching_logs/opus5_throughput_recovery_checkpoint_10k_20260916.md; docs/object_matching_logs/particle_systems_obj_opus5_250k_w3c_20260915.md; docs/object_matching_logs/render_sprite_obj_opus5_fresh_graphs_20260914.md
37,source/physics/collision_bsp,_bsp3d_test_pill_recursive,1491,1504,1504,0,0,unclassified,R,research/fifty_objects_20260925/results/wave4/REVIEW__source_physics_collision_bsp_whole_object_admission_review_of_ADMISSION_FIX_PROPOSED_stora.md; research/fifty_objects_20260925/results/wave4/collision_bsp_source_physics_collision_bsp_whole_object_admission_.md; research/fifty_objects_20260925/results/wave4/collision_bsp_source_physics_collision_bsp__bsp3d_test_pill_recursive.md; research/fifty_objects_r2_20260924/results/r2w1/TRIAGE__source_physics_collision_bsp.md; docs/object_matching_logs/claude_lane_b_rejected_hypotheses_20260920.md; docs/object_matching_logs/claude_lane_b_HANDOFF_20260920.md; docs/object_matching_logs/astra_90pct_research5_shared_context_20260920.md; docs/object_matching_logs/astra_90pct_research14_abi_scout_20260920.md
38,source/interface/hud_weapon,_hud_update_weapon_local_player,1472,1472,1456,0,0,not-parked,R,research/fifty_objects_20260925/w/review4_hud_weapon/REVIEW.md; research/fifty_objects_20260925/results/wave4/REVIEW__source_interface_hud_weapon.md; research/fifty_objects_20260925/results/wave4/hud_weapon_source_interface_hud_weapon_object_.md; research/fifty_objects_20260925/results/wave4/hud_weapon_source_interface_hud_weapon__hud_update_weapon_local_player.md; research/fifty_objects_20260925/results/wave4/hud_stack_check_source_interface_hud_weapon.md; docs/object_matching_logs/claude_fifty_objects_20260925.md; docs/object_matching_logs/claude_structural_owner_packet_20260923.md; docs/object_matching_logs/claude_lanes_AB_HANDOFF_TO_LANE_C_20260921.md
39,source/main/main,_main_update_time,1440,1440,1440,0,0,unclassified,R,research/fifty_objects_20260925/w/review3_player_ui/REVIEW.md; research/fifty_objects_20260925/w/review3_main/REVIEW.md; research/fifty_objects_20260925/results/wave3/REVIEW__source_main_main.md; research/fifty_objects_20260925/results/wave3/REVIEW__source_interface_player_ui.md; research/fifty_objects_20260925/results/wave3/player_ui_source_interface_player_ui.md; research/fifty_objects_20260925/results/wave3/main_source_main_main.md; research/fifty_objects_20260925/results/wave3/game_engine_source_game_game_engine.md; docs/object_matching_logs/claude_fifty_objects_20260925.md
40,source/ai/actor_moving,_actor_path_refresh,1433,1440,1440,0,0,not-parked,R,docs/object_matching_logs/claude_lane_a_residual_triage_20260920.md; docs/object_matching_logs/claude_lane_a_hoist_lever_worked_examples_20260920.md; docs/object_matching_logs/claude_lane_a_ai_core_rejected_hypotheses_20260920.md; docs/object_matching_logs/claude_lane_a_ai_core_HANDOFF_20260920.md; docs/object_matching_logs/opus5_next150_research_campaign_20260916.md; docs/object_matching_logs/rasterizer_xbox_hardware_bitmaps_obj_opus5_250k_w3c_20260915.md; docs/object_matching_logs/actor_moving_obj_opus5_next150_n4_20260915.md; docs/object_matching_logs/actor_moving_obj_opus5_fresh_graphs_20260914.md
41,source/objects/damage,_area_of_effect_cause_damage_to_object,1316,1328,1312,1,0,unclassified,R,research/fifty_objects_20260925/w/review3_damage/REVIEW.md; research/fifty_objects_20260925/results/wave3/REVIEW__source_objects_damage.md; research/fifty_objects_20260925/results/wave3/damage_source_objects_damage.md; research/fifty_objects_r2_20260924/results/r2w1/TRIAGE__source_objects_damage.md; docs/object_matching_logs/astra_90pct_wave13_call_sequence_census_20260920.md; docs/object_matching_logs/astra_90pct_research8_damage_20260920.md; docs/object_matching_logs/astra_90pct_research5_shared_context_20260920.md; docs/object_matching_logs/damage_obj_opus5_150k_w3_20260914.md
42,source/effects/player_effects,_player_effect_get_camera_effect_matrix,1303,1312,1280,0,0,unclassified,R,research/fifty_objects_20260925/results/wave4/player_effects_source_effects_player_effects.md; docs/object_matching_logs/player_effects_obj_opus5_next150_n3a_20260915.md; docs/object_matching_logs/player_effects_obj_opus5_250k_w3c_20260915.md; docs/object_matching_logs/player_effects_obj_opus5_150k_w1_20260914.md; docs/object_matching_logs/main_obj_opus5_100k_waveD_20260914.md; docs/object_matching_logs/player_effects_obj_opus_private_helpers_reconciliation_20260904.md
43,source/game/players,_player_teleport_internal,1285,1296,1312,1,0,not-parked,R,research/fifty_objects_20260925/w/review3__admission_hygiene_/REVIEW.md; research/fifty_objects_20260925/results/wave3/players_source_game_players_object_storage_admission_hygiene_.md; research/fifty_objects_20260925/results/wave3/players_source_game_players__player_teleport_internal_1296_.md; research/fifty_objects_r2_20260924/results/r2w4/source_game_players.md; research/fifty_objects_r2_20260924/results/r2w2/PRECEDENT_AUDIT.md; research/fifty_objects_r2_20260924/results/r2w1/TRIAGE__source_game_players.md; docs/object_matching_logs/claude_lane_a_HANDOFF_TO_LANE_B_20260921.md; docs/object_matching_logs/claude_lane_b_rejected_hypotheses_20260920.md
44,source/cutscene/cinematics,_cinematic_render,1272,1280,1280,0,0,register-allocation,R,research/fifty_objects_20260925/results/wave2/fn2_cinematics_source_cutscene_cinematics.md; research/fifty_objects_r2_20260924/results/r2w1/TRIAGE__source_cutscene_cinematics.md; docs/object_matching_logs/cinematics_obj_four_instruction_reprobe_20260924.md; docs/object_matching_logs/cinematics_obj_opus5_150k_w2_20260914.md; docs/object_matching_logs/interface_obj_jonas_fullscreen_overlays_20260829.md; docs/object_matching_logs/cinematics_obj_jonas_render_boundary_20260830.md; docs/object_matching_logs/cinematics_obj_jonas_draw_quad_20260825.md; docs/object_matching_logs/cinematics_obj_jonas_authenticated_fast_ftol_reopen_20260831.md
45,source/camera/dead_camera,_dead_camera_update,1235,1248,1248,0,,not-parked,R,research/fifty_objects_20260925/w/review_dead_camera/REVIEW.md; research/fifty_objects_20260925/results/wave1/REVIEW__source_camera_dead_camera.md; research/fifty_objects_20260925/results/wave1/fn_dead_camera_source_camera_dead_camera.md; docs/object_matching_logs/claude_fifty_objects_20260925_owner_queue.md; docs/object_matching_logs/claude_fifty_objects_20260925.md; docs/object_matching_logs/dead_camera_small_object_reaudit_20260924.md; docs/object_matching_logs/claude_structural_owner_packet_20260923.md; docs/object_matching_logs/claude_lane_d_refresh_HANDOFF_20260922.md
46,source/objects/widgets/flags,_flag_update,1170,1184,1184,0,0,unclassified,R,research/fifty_objects_r2_20260924/results/r2w1/TRIAGE__source_objects_widgets_flags.md; docs/object_matching_logs/flags_render_counter_initializer_held_20260923.md; docs/object_matching_logs/claude_structural_HANDOFF_20260923.md; docs/object_matching_logs/opus5_next150_research_campaign_20260916.md; docs/object_matching_logs/opus5_next150_HANDOFF_20260915.md; docs/object_matching_logs/flags_obj_opus5_next150_tierB_20260915.md; docs/object_matching_logs/flags_obj_opus5_250k_w3c_20260915.md; docs/object_matching_logs/flags_obj_opus5_150k_w2_20260914.md
47,source/physics/physics,_physics_compute_vehicle_collision,1160,1168,1152,0,0,not-parked,R,docs/object_matching_logs/claude_decals_physics_20260924.md; docs/object_matching_logs/claude_lane_b_rejected_hypotheses_20260920.md; docs/object_matching_logs/claude_lane_b_HANDOFF_20260920.md; docs/object_matching_logs/physics_obj_opus5_150k_w3_20260914.md; docs/object_matching_logs/physics_obj_opus5_150k_w1_20260914.md; docs/object_matching_logs/physics_obj_opus5_100k_20260914.md; docs/object_matching_logs/physics_obj_jonas_claude_natural_prefix_exact_20260831.md
48,source/interface/ui_widget,_draw_bitmap_in_rect,1156,1168,1168,0,0,not-parked,R,research/fifty_objects_20260925/results/wave1/fn_collisions_source_physics_collisions.md; research/fifty_objects_r2_20260924/results/r2w1/TRIAGE__source_interface_ui_widget.md; docs/object_matching_logs/ui_widget_obj_evidence_closeout_20260919.md; docs/object_matching_logs/ui_widget_obj_opus5_150k_w3_20260914.md; docs/object_matching_logs/ui_widget_obj_opus5_150k_w1_20260914.md; docs/object_matching_logs/ui_widget_obj_opus5_100k_20260914.md; docs/object_matching_logs/decals_obj_opus5_150k_w1_20260914.md; docs/object_matching_logs/ui_widget_obj_opus5_house_clean_20260913.md
49,source/interface/motion_sensor,_motion_sensor_update,1154,1168,1136,1,-20,unclassified,R,research/fifty_objects_20260925/w/review4_motion_sensor_____bss_symbol_layout__object_admission_/REVIEW.md; research/fifty_objects_20260925/w/review4_motion_sensor/REVIEW.md; research/fifty_objects_20260925/w/review4_hud_unit/REVIEW.md; research/fifty_objects_20260925/results/wave4/REVIEW__source_interface_motion_sensor_bss_symbol_layout_object_admission_.md; research/fifty_objects_20260925/results/wave4/REVIEW__source_interface_motion_sensor.md; research/fifty_objects_20260925/results/wave4/REVIEW__source_interface_hud_unit.md; research/fifty_objects_20260925/results/wave4/motion_sensor_source_interface_motion_sensor__update_motion_sensor_864_.md; research/fifty_objects_20260925/results/wave4/motion_sensor_source_interface_motion_sensor__motion_sensor_update_1168_.md
50,source/math/geometry,_convex_polygon3d_clip_to_plane,1112,1120,1120,0,0,unclassified,R,research/fifty_objects_20260925/w/review4_geometry__provider_repair_that_unblocks_collision_bsp_s_link_/REVIEW.md; docs/object_matching_logs/opus5_next150_research_campaign_20260916.md; docs/object_matching_logs/structure_visibility_obj_opus5_next150_n1_20260915.md; docs/object_matching_logs/geometry_obj_opus5_150k_w3_20260914.md; docs/object_matching_logs/geometry_obj_opus5_150k_w2_20260914.md; docs/object_matching_logs/geometry_obj_opus5_100k_waveD_20260914.md; docs/object_matching_logs/structure_visibility_obj_full_reconstruction_20260902.md
51,source/interface/virtual_keyboard,_virtual_keyboard_select,1077,1088,1088,0,,unclassified,R,research/fifty_objects_20260925/results/wave1/fn_virtual_keyboard_interface_virtual_keyboard_virtual_keyboard_select.md; research/fifty_objects_r2_20260924/results/r2w1/TRIAGE__source_interface_virtual_keyboard.md; docs/object_matching_logs/opus5_next150_research_campaign_20260916.md; docs/object_matching_logs/opus5_next150_compiler_laws_round2_20260916.md; docs/object_matching_logs/rasterizer_xbox_hardware_bitmaps_obj_opus5_250k_w3c_20260915.md; docs/object_matching_logs/virtual_keyboard_obj_opus5_fresh_graphs_20260914.md; docs/object_matching_logs/virtual_keyboard_obj_opus5_150k_w3_20260914.md; docs/object_matching_logs/virtual_keyboard_obj_opus5_150k_w1_20260914.md
52,source/math/geometry,_convex_polygon2d_clip_to_plane,997,1008,1008,0,0,unclassified,R,research/fifty_objects_20260925/w/review4_geometry__provider_repair_that_unblocks_collision_bsp_s_link_/REVIEW.md; research/fifty_objects_20260925/results/wave4/REVIEW__source_math_geometry_provider_repair_that_unblocks_collision_bsp_s_link_review_of_scratch_.md; research/fifty_objects_20260925/results/wave1/fn_structures_source_structures_structures.md; docs/object_matching_logs/claude_decals_physics_20260924.md; docs/object_matching_logs/claude_collision_geometry_20260924.md; docs/object_matching_logs/claude_structural_owner_packet_20260923.md; docs/object_matching_logs/geometry_obj_opus5_150k_w3_20260914.md; docs/object_matching_logs/geometry_obj_opus5_150k_w2_20260914.md
53,source/ai/ai,_ai_test_line_of_sight,996,1008,1040,0,12,instruction-scheduling,R,research/fifty_objects_20260925/w/review_players (header-packet function gains)/REVIEW.md; research/fifty_objects_20260925/results/wave2/REVIEW__review_layer2_commit_931ed8dc_Layer_2_shared_header_packet_.md; research/fifty_objects_20260925/results/wave1/REVIEW__source_math_geometry_source_game_players_Layer_2_ABRPL_header_packet_function_ga.md; research/fifty_objects_20260925/results/wave1/provider_repair_source_structures_leaf_map.md; research/fifty_objects_20260925/results/wave1/audit_path_render_source_ai_path.md; docs/object_matching_logs/claude_object_closure_canonical_reconciliation_20260924.md; docs/object_matching_logs/claude_halo_r3_20260924.md; docs/object_matching_logs/claude_lane_a_waveB_frame_and_nearexact_20260920.md
54,source/bitmaps/bitmap_group,_bitmap_group_add_bitmap,995,1008,992,0,0,unclassified,R,research/fifty_objects_20260925/results/wave2/fn2_bitmap_group_source_bitmaps_bitmap_group.md; research/fifty_objects_r2_20260924/results/r2w1/TRIAGE__source_bitmaps_bitmap_group.md; docs/object_matching_logs/claude_lanes_AB_HANDOFF_TO_LANE_C_20260921.md; docs/object_matching_logs/claude_lane_b_rejected_hypotheses_20260920.md; docs/object_matching_logs/claude_lane_b_HANDOFF_20260920.md; docs/object_matching_logs/astra_90pct_wave13_call_sequence_census_20260920.md; docs/object_matching_logs/opus5_next150_research_campaign_20260916.md; docs/object_matching_logs/bitmap_group_obj_opus5_next150_n1_20260915.md
55,source/effects/effects,_effect_generate_part,988,992,976,1,-4,unclassified,R,research/fifty_objects_20260925/results/wave2/breakable_surfaces_source_physics_breakable_surfaces.md; docs/object_matching_logs/claude_structural_owner_packet_20260923.md; docs/object_matching_logs/claude_lane_a_data_census_20260920.md; docs/object_matching_logs/opus5_throughput_recovery_checkpoint_50k_20260916.md; docs/object_matching_logs/opus5_next150_compiler_laws_round2_20260916.md; docs/object_matching_logs/effects_obj_opus5_250k_w3d_20260915.md; docs/object_matching_logs/opus5_100k_consolidated_HANDOFF_20260914.md; docs/object_matching_logs/opus5_100k_checkpoint_20260914.md
56,source/ai/actor_moving,_actor_destination_update,968,976,976,0,0,not-parked,R,docs/object_matching_logs/claude_lane_a_residual_triage_20260920.md; docs/object_matching_logs/claude_lane_a_ai_core_rejected_hypotheses_20260920.md; docs/object_matching_logs/claude_lane_a_ai_core_HANDOFF_20260920.md; docs/object_matching_logs/actor_moving_obj_opus5_next150_n4_20260915.md; docs/object_matching_logs/actor_moving_obj_opus5_fresh_graphs_20260914.md; docs/object_matching_logs/actor_moving_obj_opus5_150k_w3_20260914.md; docs/object_matching_logs/actor_moving_obj_opus5_150k_w1_20260914.md; docs/object_matching_logs/actor_moving_obj_opus5_100k_waveC_20260914.md
57,source/ai/actions,_actor_action_handle_vehicle_entry,954,960,960,0,0,register-allocation,R,research/fifty_objects_20260925/w/review_structures/REVIEW.md; research/fifty_objects_20260925/results/wave1/REVIEW__source_structures_structures.md; research/fifty_objects_20260925/results/wave2/fn2_actions_source_ai_actions_actor_action_handle_vehicle_entry.md; research/fifty_objects_r2_20260924/results/r2w2/source_ai_actions.md; research/fifty_objects_r2_20260924/results/r2w2/PRECEDENT_AUDIT.md; docs/object_matching_logs/claude_structural_owner_packet_20260923.md; docs/object_matching_logs/claude_lane_a_HANDOFF_TO_LANE_B_20260921.md; docs/object_matching_logs/claude_lane_b_rejected_hypotheses_20260920.md
58,source/rasterizer/xbox/rasterizer_xbox_environment,_rasterizer_environment_specular_spot_light_begin,949,960,944,0,-16,register-allocation,R,research/fifty_objects_r2_20260924/results/r2w1/source_rasterizer_xbox_rasterizer_xbox_environment.md; research/fifty_objects_r2_20260924/results/r2w1/TRIAGE__source_rasterizer_xbox_rasterizer_xbox_environment.md; docs/object_matching_logs/claude_lanes_AB_HANDOFF_TO_LANE_C_20260921.md; docs/object_matching_logs/astra_90pct_research7_environment_independent_review_20260920.md; docs/object_matching_logs/astra_90pct_research7_environment_20260920.md; docs/object_matching_logs/opus5_next150_research_campaign_20260916.md; docs/object_matching_logs/rasterizer_xbox_environment_obj_opus5_next150_n4_20260915.md; docs/object_matching_logs/rasterizer_xbox_environment_obj_opus5_next150_n3a_20260915.md
59,source/ai/ai,_ai_test_ballistic_line_of_fire,930,944,944,0,0,instruction-scheduling,R,research/fifty_objects_20260925/results/wave3/players_source_game_players_object_storage_admission_hygiene_.md; docs/object_matching_logs/claude_fifty_objects_20260925_owner_queue.md; docs/object_matching_logs/claude_halo_r3_20260924.md; docs/object_matching_logs/claude_lane_c_canonical_reconciliation_20260922.md; docs/object_matching_logs/claude_lane_a_waveA2_fuzzy_20260920.md; docs/object_matching_logs/claude_lane_a_residual_triage_20260920.md; docs/object_matching_logs/claude_lane_a_ai_core_rejected_hypotheses_20260920.md; docs/object_matching_logs/claude_lane_a_ai_core_HANDOFF_20260920.md
60,source/ai/ai_communication,_ai_communication_actor_talk_weight,904,912,912,0,0,instruction-scheduling,R,docs/object_matching_logs/claude_lane_a_residual_triage_20260920.md; docs/object_matching_logs/claude_lane_a_ai_core_rejected_hypotheses_20260920.md; docs/object_matching_logs/claude_lane_a_ai_core_HANDOFF_20260920.md; docs/object_matching_logs/astra_90pct_research12_call_argument_scout_20260920.md; docs/object_matching_logs/astra_90pct_debug_packet_20260920.md; docs/object_matching_logs/astra_90pct_communication_independent_review_20260920.md; docs/object_matching_logs/path_obj_opus5_250k_w3c_20260915.md; docs/object_matching_logs/ai_communication_obj_opus5_150k_w3_20260914.md
61,source/physics/collision_bsp,_collision_surface_test_sphere,875,880,848,0,-8,unclassified,R,research/fifty_objects_20260925/w/review4_collision_bsp__whole_object__admission_/REVIEW.md; research/fifty_objects_20260925/results/wave4/REVIEW__source_physics_collision_bsp_whole_object_admission_review_of_ADMISSION_FIX_PROPOSED_stora.md; research/fifty_objects_20260925/results/wave4/collision_bsp_source_physics_collision_bsp_whole_object_admission_.md; research/fifty_objects_20260925/results/wave4/collision_bsp_source_physics_collision_bsp__collision_surface_test_sphere.md; research/fifty_objects_r2_20260924/results/r2w2/PRECEDENT_AUDIT.md; research/fifty_objects_r2_20260924/results/r2w1/TRIAGE__source_physics_collision_bsp.md; docs/object_matching_logs/claude_lane_b_rejected_hypotheses_20260920.md; docs/object_matching_logs/claude_lane_b_HANDOFF_20260920.md
62,source/interface/motion_sensor,_update_motion_sensor,849,864,816,-2,4,unclassified,R,research/fifty_objects_20260925/w/review4_motion_sensor_____bss_symbol_layout__object_admission_/REVIEW.md; research/fifty_objects_20260925/w/review4_motion_sensor/REVIEW.md; research/fifty_objects_20260925/w/review4_hud_unit/REVIEW.md; research/fifty_objects_20260925/results/wave4/REVIEW__source_interface_motion_sensor_bss_symbol_layout_object_admission_.md; research/fifty_objects_20260925/results/wave4/REVIEW__source_interface_motion_sensor.md; research/fifty_objects_20260925/results/wave4/REVIEW__source_interface_hud_unit.md; research/fifty_objects_20260925/results/wave4/motion_sensor_source_interface_motion_sensor__update_motion_sensor_864_.md; research/fifty_objects_20260925/results/wave4/motion_sensor_source_interface_motion_sensor__motion_sensor_update_1168_.md
63,source/physics/collision_bsp,_bsp3d_test_sphere_recursive,792,800,800,0,0,unclassified,R,research/fifty_objects_20260925/results/wave4/REVIEW__source_physics_collision_bsp_whole_object_admission_review_of_ADMISSION_FIX_PROPOSED_stora.md; research/fifty_objects_20260925/results/wave4/collision_bsp_source_physics_collision_bsp_whole_object_admission_.md; research/fifty_objects_20260925/results/wave4/collision_bsp_source_physics_collision_bsp__bsp3d_test_sphere_recursive.md; research/fifty_objects_r2_20260924/results/r2w1/TRIAGE__source_physics_collision_bsp.md; docs/object_matching_logs/claude_lane_b_rejected_hypotheses_20260920.md; docs/object_matching_logs/claude_lane_b_HANDOFF_20260920.md; docs/object_matching_logs/astra_90pct_research5_shared_schedule_20260920.md; docs/object_matching_logs/astra_90pct_research5_shared_context_20260920.md
64,source/interface/motion_sensor,_render_motion_sensor,753,768,784,0,0,unclassified,R,research/fifty_objects_20260925/w/review4_motion_sensor_____bss_symbol_layout__object_admission_/REVIEW.md; research/fifty_objects_20260925/w/review4_motion_sensor/REVIEW.md; research/fifty_objects_20260925/w/review4_hud_unit/REVIEW.md; research/fifty_objects_20260925/results/wave4/REVIEW__source_interface_motion_sensor_bss_symbol_layout_object_admission_.md; research/fifty_objects_20260925/results/wave4/REVIEW__source_interface_motion_sensor.md; research/fifty_objects_20260925/results/wave4/REVIEW__source_interface_hud_unit.md; research/fifty_objects_20260925/results/wave4/motion_sensor_source_interface_motion_sensor_bss_symbol_layout_object_admission_.md; research/fifty_objects_20260925/results/wave4/motion_sensor_source_interface_motion_sensor__update_motion_sensor_864_.md
65,source/ai/actor_moving,_actor_move_test_avoidance_vector,743,752,544,1,0,not-parked,R,docs/object_matching_logs/claude_lane_a_waveC_20260920.md; docs/object_matching_logs/claude_lane_a_waveA4_actor_moving_20260920.md; docs/object_matching_logs/claude_lane_a_residual_triage_20260920.md; docs/object_matching_logs/claude_lane_a_ai_core_rejected_hypotheses_20260920.md; docs/object_matching_logs/claude_lane_a_ai_core_HANDOFF_20260920.md; docs/object_matching_logs/astra_90pct_wave13_call_sequence_census_20260920.md; docs/object_matching_logs/opus5_throughput_recovery_checkpoint_10k_20260916.md; docs/object_matching_logs/actor_moving_obj_opus5_next150_n4_20260915.md
66,source/interface/ui_widget,_widget_instance_render_recursive,743,752,752,0,0,not-parked,R,docs/object_matching_logs/ui_widget_obj_evidence_closeout_20260919.md; docs/object_matching_logs/ui_widget_obj_opus5_150k_w3_20260914.md; docs/object_matching_logs/ui_widget_obj_opus5_150k_w1_20260914.md; docs/object_matching_logs/ui_widget_obj_opus5_100k_20260914.md; docs/object_matching_logs/ui_widget_obj_opus5_house_clean_20260913.md; docs/object_matching_logs/claude_ui_weather_aim_render_hs_reconciliation_20260908.md
67,source/effects/player_effects,_player_effect_update_camera_impulse,738,752,752,0,0,instruction-scheduling,R,research/fifty_objects_20260925/results/wave4/player_effects_source_effects_player_effects.md; research/fifty_objects_r2_20260924/results/r2w1/TRIAGE__source_effects_player_effects.md; docs/object_matching_logs/player_effects_obj_opus5_next150_n3a_20260915.md; docs/object_matching_logs/player_effects_obj_opus5_250k_w3c_20260915.md; docs/object_matching_logs/player_effects_obj_opus5_150k_w1_20260914.md; docs/object_matching_logs/player_effects_obj_remaining_unwritten_closeout_20260904.md; docs/object_matching_logs/player_effects_obj_opus_private_helpers_reconciliation_20260904.md
68,source/hs/hs_compile,_hs_compile_postprocess,714,720,704,-1,,not-parked,R,research/fifty_objects_r2_20260924/results/r2w4/REVIEW__source_hs_hs_compile.md; research/fifty_objects_r2_20260924/results/r2w4/source_hs_hs_compile.md; docs/object_matching_logs/astra_90pct_wave13_call_sequence_census_20260920.md; docs/object_matching_logs/hs_compile_obj_opus5_next150_n4_20260915.md; docs/object_matching_logs/hs_compile_obj_opus5_250k_w3c_20260915.md; docs/object_matching_logs/hs_compile_obj_opus5_fresh_graphs_20260914.md; docs/object_matching_logs/hs_compile_obj_opus5_150k_w2_20260914.md
69,source/interface/ui_widget_game_data_input_functions,_solo_level_select_list_update_displayed_items,693,704,704,0,0,instruction-scheduling,R,research/fifty_objects_20260925/results/wave1/fn_ui_widget_game_data_input_functions_source_interface_ui_widget_game_data_input_function.md; research/fifty_objects_r2_20260924/results/r2w4/CRITIC.md; research/fifty_objects_r2_20260924/results/r2w1/TRIAGE__source_interface_ui_widget_game_data_input_functions.md; docs/object_matching_logs/claude_fifty_objects_r2_20260924.md; docs/object_matching_logs/opus5_next150_research_campaign_20260916.md; docs/object_matching_logs/ui_widget_game_data_input_functions_obj_opus5_250k_w3c_20260915.md; docs/object_matching_logs/ui_widget_game_data_input_functions_obj_opus5_150k_w1_20260914.md; docs/object_matching_logs/ui_widget_game_data_profile_fuzzy_reconciliation_20260909.md
70,source/interface/ui_widget,_ui_check_for_pause_game,665,672,640,-3,,not-parked,R,research/fifty_objects_r2_20260924/results/r2w1/TRIAGE__source_interface_ui_widget.md; docs/object_matching_logs/claude_structural_HANDOFF_20260923.md; docs/object_matching_logs/astra_90pct_wave13_call_sequence_census_20260920.md; docs/object_matching_logs/ui_widget_obj_evidence_closeout_20260919.md; docs/object_matching_logs/ui_widget_obj_opus5_150k_w3_20260914.md; docs/object_matching_logs/ui_widget_obj_opus5_150k_w1_20260914.md; docs/object_matching_logs/ui_widget_obj_opus5_100k_20260914.md; docs/object_matching_logs/ui_widget_obj_opus5_house_clean_20260913.md
71,source/render/render_sprite,_build_sprite_rotational,640,640,656,0,-8,not-parked,R,docs/object_matching_logs/claude_lanes_AB_HANDOFF_TO_LANE_C_20260921.md; docs/object_matching_logs/render_sprite_obj_opus5_fresh_graphs_20260914.md; docs/object_matching_logs/render_sprite_obj_opus5_150k_w3_20260914.md; docs/object_matching_logs/render_sprite_obj_opus5_150k_w1_20260914.md; docs/object_matching_logs/render_sprite_obj_jonas_public_salvage_20260821.md; docs/object_matching_logs/render_sprite_obj.md
72,source/interface/ui_widget,_display_scenario_help,596,608,608,0,0,not-parked,R,research/fifty_objects_r2_20260924/results/r2w1/TRIAGE__source_interface_ui_widget.md; docs/object_matching_logs/ui_widget_obj_evidence_closeout_20260919.md; docs/object_matching_logs/ui_widget_obj_opus5_150k_w3_20260914.md; docs/object_matching_logs/ui_widget_obj_opus5_150k_w1_20260914.md; docs/object_matching_logs/ui_widget_obj_opus5_100k_20260914.md; docs/object_matching_logs/ui_widget_obj_opus5_house_clean_20260913.md; docs/object_matching_logs/claude_ui_weather_aim_render_hs_reconciliation_20260908.md; docs/object_matching_logs/ui_widget_obj_opus_pool_owner_reconciliation_20260904.md
73,source/hs/hs_compile,_hs_parse_set,554,560,576,3,0,not-parked,R,research/fifty_objects_20260925/w/review3_rasterizer_xbox_profile/REVIEW.md; research/fifty_objects_20260925/results/wave3/REVIEW__source_rasterizer_xbox_rasterizer_xbox_profile.md; research/fifty_objects_r2_20260924/results/r2w4/REVIEW__source_hs_hs_compile.md; research/fifty_objects_r2_20260924/results/r2w4/source_hs_hs_compile.md; docs/object_matching_logs/claude_structural_owner_packet_20260923.md; docs/object_matching_logs/hs_compile_obj_opus5_next150_n4_20260915.md; docs/object_matching_logs/hs_compile_obj_opus5_250k_w3c_20260915.md; docs/object_matching_logs/hs_compile_obj_opus5_fresh_graphs_20260914.md
74,source/bungie_net/network/transport_endpoint_set_winsock,_poll_endpoint_set,551,560,560,0,0,unclassified,R,research/fifty_objects_20260925/results/wave3/transport_set_source_bungie_net_network_transport_endpoint_set_winsock_object_storage__net_startup_debug.md; research/fifty_objects_20260925/results/wave3/transport_set_source_bungie_net_network_transport_endpoint_set_winsock__transport_initialize.md; research/fifty_objects_20260925/results/wave3/transport_set_source_bungie_net_network_transport_endpoint_set_winsock__transport_endpoint_set_compare_e.md; research/fifty_objects_20260925/results/wave3/transport_set_source_bungie_net_network_transport_endpoint_set_winsock__poll_endpoint_set.md; research/fifty_objects_r2_20260924/results/r2w4/REVIEW__source_bungie_net_network_transport_endpoint_set_winsock.md; research/fifty_objects_r2_20260924/results/r2w4/source_bungie_net_network_transport_endpoint_set_winsock.md; research/fifty_objects_r2_20260924/results/r2w2/PRECEDENT_AUDIT.md; research/fifty_objects_r2_20260924/results/r2w1/TRIAGE__source_bungie_net_network_transport_endpoint_set_winsock.md
75,source/main/main,_main_frame_rate_debug,538,544,544,-1,0,unclassified,R,research/fifty_objects_20260925/w/review3_main/REVIEW.md; research/fifty_objects_20260925/results/wave3/REVIEW__source_main_main.md; research/fifty_objects_20260925/results/wave3/main_source_main_main.md; docs/object_matching_logs/claude_fifty_objects_20260925.md; research/fifty_objects_r2_20260924/results/r2w4/source_main_main.md; docs/object_matching_logs/astra_90pct_research14_branch_store_scout_20260920.md; docs/object_matching_logs/opus5_next150_compiler_laws_round2_20260916.md; docs/object_matching_logs/main_obj_opus5_next150_n5_20260915.md
76,source/hs/hs_runtime,_hs_evaluate_begin_random,519,528,528,0,0,private-register-convention,R,research/fifty_objects_r2_20260924/w/review_r2_hs_runtime_storage_12_converters/REVIEW.md; research/fifty_objects_r2_20260924/w/review_r2_hs_runtime__render_debug_trigger_volumes/REVIEW.md; research/fifty_objects_r2_20260924/w/review_r2_hs_runtime/REVIEW.md; research/fifty_objects_r2_20260924/results/r2w4/REVIEW__source_hs_hs_runtime.md; research/fifty_objects_r2_20260924/results/r2w1/REVIEW__source_hs_hs_runtime_storage_12_converters_.md; research/fifty_objects_r2_20260924/results/r2w1/REVIEW__source_hs_hs_runtime__render_debug_trigger_volumes_1088_B_.md; research/fifty_objects_r2_20260924/results/r2w1/REVIEW__source_hs_hs_runtime.md; research/fifty_objects_r2_20260924/results/r2w4/source_hs_hs_runtime.md
77,source/bitmaps/s3tc/s3tc,_DecodeBlockRGB__single_pixel,493,496,496,0,0,unclassified,R,docs/object_matching_logs/claude_lanes_AB_HANDOFF_TO_LANE_C_20260921.md; docs/object_matching_logs/claude_lane_c_graphics_ui_HANDOFF_20260920.md; docs/object_matching_logs/astra_90pct_wave13_call_sequence_census_20260920.md; docs/object_matching_logs/s3tc_obj_opus5_next150_n4_20260915.md; docs/object_matching_logs/s3tc_obj_opus5_next150_n3a_20260915.md; docs/object_matching_logs/s3tc_obj_opus5_250k_w3c_20260915.md; docs/object_matching_logs/s3tc_obj_opus5_150k_w1_20260914.md; docs/object_matching_logs/player_profile_s3tc_batch_reconciliation_20260907.md
78,source/units/bipeds,_biped_accelerate,471,480,480,0,0,instruction-scheduling,R,docs/object_matching_logs/claude_lane_b_rejected_hypotheses_20260920.md; docs/object_matching_logs/claude_lane_b_HANDOFF_20260920.md; docs/object_matching_logs/opus5_throughput_recovery_checkpoint_40k_20260916.md; docs/object_matching_logs/path_obj_opus5_250k_w3c_20260915.md; docs/object_matching_logs/path_obj_opus5_100k_waveD_20260914.md; docs/object_matching_logs/bipeds_obj_opus5_150k_w3_20260914.md; docs/object_matching_logs/bipeds_obj_opus5_150k_w2_20260914.md; docs/object_matching_logs/bipeds_obj_opus5_100k_waveD_20260914.md
79,source/saved games/player_profile,_player_profile_new,456,464,464,-1,4,unclassified,R,research/fifty_objects_20260925/w/review3_player_profile/REVIEW.md; research/fifty_objects_20260925/results/wave3/REVIEW__source_saved_games_player_profile.md; research/fifty_objects_20260925/results/wave3/player_profile_source_saved_games_player_profile.md; docs/object_matching_logs/claude_fifty_objects_20260925_owner_queue.md; docs/object_matching_logs/claude_halo_r3_20260924.md; docs/object_matching_logs/astra_90pct_wave13_call_sequence_census_20260920.md; docs/object_matching_logs/opus5_next150_research_campaign_20260916.md; docs/object_matching_logs/opus5_next150_compiler_laws_round2_20260916.md
80,source/interface/interface,_interface_get_weapon_hud_index,444,448,448,0,,unclassified,R,research/fifty_objects_20260925/w/review_interface/REVIEW.md; research/fifty_objects_20260925/results/wave1/REVIEW__source_interface_interface.md; research/fifty_objects_20260925/results/wave1/fn_interface_source_interface_interface.md; research/fifty_objects_r2_20260924/results/r2w2/PRECEDENT_AUDIT.md; research/fifty_objects_r2_20260924/results/r2w1/TRIAGE__source_interface_interface.md; docs/object_matching_logs/interface_obj_opus5_next150_n1_20260915.md; docs/object_matching_logs/interface_obj_profiler_symbol_and_enum_audit_20260913.md; docs/object_matching_logs/interface_obj_weapon_hud_best_fuzzy_20260912.md
81,source/items/projectiles,_projectile_new,424,432,432,0,0,unclassified,R,research/fifty_objects_20260925/results/wave1/fn_projectiles_source_items_projectiles_projectile_new.md; research/fifty_objects_20260925/results/wave1/fn_projectiles_source_items_projectiles_data_projectile_update_section_.md; research/fifty_objects_r2_20260924/w/review_r2w2_projectiles/REVIEW.md; research/fifty_objects_r2_20260924/results/r2w2/REVIEW__source_items_projectiles.md; research/fifty_objects_r2_20260924/results/r2w2/source_items_projectiles.md; research/fifty_objects_r2_20260924/results/r2w2/PRECEDENT_AUDIT.md; research/fifty_objects_r2_20260924/results/r2w1/TRIAGE__source_items_projectiles.md; docs/object_matching_logs/claude_halo_r3_20260924.md
82,source/structures/structures,_sphere_intersects_cluster_portal,418,432,432,0,0,not-parked,R,research/fifty_objects_20260925/w/review_structures/REVIEW.md; research/fifty_objects_20260925/results/wave1/REVIEW__source_structures_structures.md; research/fifty_objects_20260925/results/wave1/fn_structures_source_structures_structures.md; research/fifty_objects_r2_20260924/results/r2w4/CRITIC.md; research/fifty_objects_r2_20260924/results/r2w2/PRECEDENT_AUDIT.md; research/fifty_objects_r2_20260924/results/r2w1/TRIAGE__source_structures_structures.md; docs/object_matching_logs/structures_fog_inline_closeout_20260923.md; docs/object_matching_logs/opus5_next150_research_campaign_20260916.md
83,source/bungie_net/network/transport_endpoint_set_winsock,_transport_initialize,416,416,400,0,0,unclassified,R,research/fifty_objects_20260925/w/review_transport_endpoint_winsock/REVIEW.md; research/fifty_objects_20260925/w/review3_transport_endpoint_set_winsock__object_storage___net_startup_debug_/REVIEW.md; research/fifty_objects_20260925/results/wave3/REVIEW__source_bungie_net_network_transport_endpoint_set_winsock_object_storage__net_startup_debug.md; research/fifty_objects_20260925/results/wave1/REVIEW__source_bungie_net_network_transport_endpoint_winsock.md; research/fifty_objects_20260925/results/wave3/transport_set_source_bungie_net_network_transport_endpoint_set_winsock_object_storage__net_startup_debug.md; research/fifty_objects_20260925/results/wave3/transport_set_source_bungie_net_network_transport_endpoint_set_winsock__transport_initialize.md; research/fifty_objects_20260925/results/wave3/transport_set_source_bungie_net_network_transport_endpoint_set_winsock__transport_endpoint_set_compare_e.md; research/fifty_objects_20260925/results/wave3/transport_set_source_bungie_net_network_transport_endpoint_set_winsock__poll_endpoint_set.md
84,source/units/bipeds,_biped_get_sight_position,407,416,416,0,0,unclassified,R,docs/object_matching_logs/claude_lane_b_rejected_hypotheses_20260920.md; docs/object_matching_logs/claude_lane_b_HANDOFF_20260920.md; docs/object_matching_logs/bipeds_obj_opus5_150k_w3_20260914.md; docs/object_matching_logs/bipeds_obj_opus5_150k_w2_20260914.md; docs/object_matching_logs/bipeds_obj_opus5_100k_waveD_20260914.md; docs/object_matching_logs/ai_obj_opus5_150k_w2_20260914.md; docs/object_matching_logs/bipeds_obj_batch7_exact_and_fuzzy_20260912.md; docs/object_matching_logs/claude_fable_opus_reconciliation_checkpoint_20260908.md
85,source/ai/ai_debug,_ai_debug_render_actor_jmptable,388,24976,,,,not-parked,not-in-owner-population,research/fifty_objects_r2_20260924/results/r2w4/REVIEW__source_ai_ai_debug.md; research/fifty_objects_r2_20260924/results/r2w4/source_ai_ai_debug.md; research/fifty_objects_r2_20260924/results/r2w1/TRIAGE__source_ai_ai_debug.md; docs/object_matching_logs/ai_debug_jmptable_owner_20260923.md; docs/object_matching_logs/claude_lane_a_ai_core_HANDOFF_20260920.md; docs/object_matching_logs/ai_debug_obj.md
86,source/rasterizer/xbox/rasterizer_xbox_hardware_bitmaps,_rasterizer_bitmap_new,388,400,400,0,,instruction-scheduling,R,research/fifty_objects_20260925/results/wave2/fn2_rasterizer_xbox_hardware_bitmaps_rasterizer_xbox_rasterizer_xbox_hardware_bitmaps.md; research/fifty_objects_r2_20260924/results/r2w4/REVIEW__source_rasterizer_xbox_rasterizer_xbox_hardware_bitmaps.md; research/fifty_objects_r2_20260924/results/r2w4/source_rasterizer_xbox_rasterizer_xbox_hardware_bitmaps.md; research/fifty_objects_r2_20260924/results/r2w1/TRIAGE__source_rasterizer_xbox_rasterizer_xbox_hardware_bitmaps.md; docs/object_matching_logs/rasterizer_xbox_hardware_bitmaps_small_object_reaudit_20260924.md; docs/object_matching_logs/claude_lane_c_graphics_ui_HANDOFF_20260920.md; docs/object_matching_logs/astra_90pct_wave6_opportunity_audit_20260920.md; docs/object_matching_logs/opus5_next150_research_campaign_20260916.md
87,source/ai/actor_perception,_actor_perception_aiming_vector_test_blockage,385,400,400,0,0,unclassified,R,research/fifty_objects_20260925/results/wave1/fn_actor_perception_source_ai_actor_perception.md; research/fifty_objects_r2_20260924/results/r2w2/PRECEDENT_AUDIT.md; docs/object_matching_logs/claude_structural_owner_packet_20260923.md; docs/object_matching_logs/claude_lane_a_hoist_lever_worked_examples_20260920.md; docs/object_matching_logs/claude_lane_a_ai_core_rejected_hypotheses_20260920.md; docs/object_matching_logs/claude_lane_a_ai_core_HANDOFF_20260920.md; docs/object_matching_logs/astra_90pct_research14_normalize2d_context_20260920.md; docs/object_matching_logs/opus5_next150_compiler_laws_round2_20260916.md
88,source/tool/connected_geometry,_triangle_coplanar,380,384,384,0,0,instruction-scheduling,R,research/fifty_objects_r2_20260924/results/r2w2/PRECEDENT_AUDIT.md; research/fifty_objects_r2_20260924/results/r2w1/TRIAGE__source_tool_connected_geometry.md; docs/object_matching_logs/connected_geometry_crossbuild_qifist_20260924.md; docs/object_matching_logs/opus5_next150_research_campaign_20260916.md; docs/object_matching_logs/observer_obj_opus5_250k_w3d_20260915.md; docs/object_matching_logs/connected_geometry_obj_opus5_next150_n4_20260915.md; docs/object_matching_logs/connected_geometry_obj_opus5_next150_n2_20260915.md; docs/object_matching_logs/items_obj_opus5_150k_w3_20260914.md
89,source/cache/xbox_sound_cache,_sound_cache_debug_render,368,368,368,0,0,tu-context-optimization,R,research/fifty_objects_20260925/results/wave2/fn2_xbox_sound_cache_source_cache_xbox_sound_cache.md; research/fifty_objects_r2_20260924/w/review_r2_xbox_texture_cache/REVIEW.md; research/fifty_objects_r2_20260924/results/r2w4/REVIEW__source_cache_xbox_sound_cache.md; research/fifty_objects_r2_20260924/results/r2w4/source_cache_xbox_sound_cache.md; research/fifty_objects_r2_20260924/results/r2w1/TRIAGE__source_cache_xbox_sound_cache.md; docs/object_matching_logs/xbox_sound_cache_static_ownership_20260924.md; docs/object_matching_logs/opus5_throughput_recovery_checkpoint_75k_20260916.md; docs/object_matching_logs/xbox_sound_cache_obj_opus5_150k_w3_20260914.md
90,source/saved games/saved_game_files,_saved_game_files_enumerate_available_to_local_player_index,359,368,368,0,0,unclassified,R,research/fifty_objects_20260925/results/wave1/fn_saved_game_files_source_saved_games_saved_game_files.md; docs/object_matching_logs/claude_fifty_objects_20260925_owner_queue.md; research/fifty_objects_r2_20260924/results/r2w4/source_saved_games_saved_game_files.md; docs/object_matching_logs/claude_structural_owner_packet_20260923.md; docs/object_matching_logs/opus5_throughput_recovery_checkpoint_10k_20260916.md; docs/object_matching_logs/saved_game_files_obj_opus5_next150_n1_20260915.md; docs/object_matching_logs/saved_game_family_reconciliation_20260909.md; docs/object_matching_logs/claude_fable_opus_reconciliation_checkpoint_20260908.md
91,source/interface/progress_bar,_draw_layer_int,349,352,336,0,0,not-parked,R,research/fifty_objects_20260925/results/wave1/fn_progress_bar_interface_progress_bar_draw_gravy_layer.md; research/fifty_objects_r2_20260924/results/r2w4/REVIEW__source_interface_progress_bar.md; research/fifty_objects_r2_20260924/results/r2w4/source_interface_progress_bar.md; research/fifty_objects_r2_20260924/results/r2w4/CRITIC.md; research/fifty_objects_r2_20260924/results/r2w1/TRIAGE__source_interface_progress_bar.md; docs/object_matching_logs/progress_bar_obj_opus5_next150_n1_20260915.md
92,source/saved games/player_profile,_player_profile_write_thread_proc@4,349,352,384,0,0,unclassified,R,research/fifty_objects_20260925/w/review3_player_profile/REVIEW.md; research/fifty_objects_20260925/results/wave3/REVIEW__source_saved_games_player_profile.md; research/fifty_objects_20260925/results/wave3/player_profile_source_saved_games_player_profile.md; docs/object_matching_logs/claude_fifty_objects_20260925_owner_queue.md; docs/object_matching_logs/claude_fifty_objects_20260925.md; docs/object_matching_logs/opus5_next150_research_campaign_20260916.md; docs/object_matching_logs/player_profile_obj_opus5_next150_n5_20260915.md; docs/object_matching_logs/player_profile_obj_opus5_next150_n4_20260915.md
93,source/physics/physics,_compute_ground_plane,334,336,336,0,0,instruction-scheduling,R,docs/object_matching_logs/claude_lane_b_rejected_hypotheses_20260920.md; docs/object_matching_logs/claude_lane_b_HANDOFF_20260920.md; docs/object_matching_logs/physics_obj_opus5_150k_w3_20260914.md; docs/object_matching_logs/physics_obj_opus5_150k_w1_20260914.md; docs/object_matching_logs/physics_obj_opus5_100k_20260914.md; docs/object_matching_logs/claude_fable_opus_reconciliation_checkpoint_20260908.md; docs/object_matching_logs/physics_obj_jonas_claude_natural_prefix_exact_20260831.md
94,source/units/bipeds,_biped_get_autoaim_pill,326,336,336,0,0,instruction-scheduling,R,docs/object_matching_logs/claude_lane_b_rejected_hypotheses_20260920.md; docs/object_matching_logs/claude_lane_b_HANDOFF_20260920.md; docs/object_matching_logs/bipeds_obj_opus5_150k_w3_20260914.md; docs/object_matching_logs/bipeds_obj_opus5_150k_w2_20260914.md; docs/object_matching_logs/bipeds_obj_opus5_100k_waveD_20260914.md; docs/object_matching_logs/bipeds_obj_batch7_exact_and_fuzzy_20260912.md; docs/object_matching_logs/claude_fable_opus_reconciliation_checkpoint_20260908.md; docs/object_matching_logs/leaf_map_bipeds_obj_interrupted_opus_reaudit_20260904.md
95,source/interface/ui_widget_game_data_input_functions,_multiplayer_game_directions,315,320,320,0,,not-parked,R,research/fifty_objects_r2_20260924/results/r2w1/TRIAGE__source_interface_ui_widget_game_data_input_functions.md; docs/object_matching_logs/ui_widget_game_data_input_functions_obj_opus5_250k_w3c_20260915.md; docs/object_matching_logs/ui_widget_game_data_input_functions_obj_opus5_150k_w1_20260914.md; docs/object_matching_logs/ui_widget_game_data_profile_fuzzy_reconciliation_20260909.md
96,source/effects/player_effects,_player_effect_add_continuous_effect,314,320,320,0,,not-parked,R,research/fifty_objects_20260925/results/wave4/player_effects_source_effects_player_effects.md; docs/object_matching_logs/player_effects_obj_opus5_next150_n3a_20260915.md; docs/object_matching_logs/player_effects_obj_opus5_250k_w3c_20260915.md; docs/object_matching_logs/player_effects_obj_opus5_150k_w1_20260914.md; docs/object_matching_logs/player_effects_obj_opus_private_helpers_reconciliation_20260904.md
97,source/networking/network_connection,_network_server_close_client_connection,307,320,320,0,,unclassified,R,research/fifty_objects_20260925/results/wave2/REVIEW__source_networking_network_connection.md; research/fifty_objects_20260925/results/wave2/fn2_network_connection_source_networking_network_connection.md; research/fifty_objects_r2_20260924/results/r2w4/REVIEW__source_networking_network_connection.md; research/fifty_objects_r2_20260924/results/r2w4/source_networking_network_connection.md; research/fifty_objects_r2_20260924/results/r2w2/PRECEDENT_AUDIT.md; research/fifty_objects_r2_20260924/results/r2w1/TRIAGE__source_networking_network_connection.md; docs/object_matching_logs/claude_structural_owner_packet_20260923.md; docs/object_matching_logs/astra_90pct_wave6_opportunity_audit_20260920.md
98,source/interface/ui_widget,_ui_widget_launch_widget,304,304,304,0,,not-parked,R,docs/object_matching_logs/ui_widget_obj_evidence_closeout_20260919.md; docs/object_matching_logs/ui_widget_obj_opus5_150k_w3_20260914.md; docs/object_matching_logs/ui_widget_obj_opus5_150k_w1_20260914.md; docs/object_matching_logs/ui_widget_obj_opus5_100k_20260914.md; docs/object_matching_logs/ui_widget_obj_opus5_house_clean_20260913.md; docs/object_matching_logs/claude_ui_weather_aim_render_hs_reconciliation_20260908.md
99,source/render/render_sprite,_build_sprite_transform_origin_and_direction,297,304,304,0,,not-parked,R,docs/object_matching_logs/claude_lanes_AB_HANDOFF_TO_LANE_C_20260921.md; docs/object_matching_logs/opus5_throughput_recovery_checkpoint_10k_20260916.md; docs/object_matching_logs/render_sprite_obj_opus5_fresh_graphs_20260914.md; docs/object_matching_logs/render_sprite_obj_opus5_150k_w3_20260914.md; docs/object_matching_logs/render_sprite_obj_opus5_150k_w1_20260914.md
100,source/text/draw_string,_bitmap_draw_string,296,304,240,0,0,unclassified,R,research/fifty_objects_20260925/results/wave1/fn_draw_string_source_text_draw_string_bss_ownership_split_the_invented_draw_string_global.md; research/fifty_objects_20260925/results/wave1/fn_draw_string_source_text_draw_string_bitmap_draw_string_whole_object_closure_.md; research/fifty_objects_r2_20260924/w/review_r2w2_draw_string/REVIEW.md; research/fifty_objects_r2_20260924/results/r2w2/REVIEW__source_text_draw_string.md; research/fifty_objects_r2_20260924/results/r2w2/source_text_draw_string.md; research/fifty_objects_r2_20260924/results/r2w2/PRECEDENT_AUDIT.md; research/fifty_objects_r2_20260924/results/r2w1/TRIAGE__source_text_draw_string.md; docs/object_matching_logs/draw_string_obj_opus5_next150_n1_20260915.md
101,source/hs/hs_compile,_hs_parse_boolean,295,304,288,0,,not-parked,R,research/fifty_objects_r2_20260924/results/r2w4/REVIEW__source_hs_hs_compile.md; research/fifty_objects_r2_20260924/results/r2w4/source_hs_hs_compile.md; research/fifty_objects_r2_20260924/results/r2w4/CRITIC.md; docs/object_matching_logs/claude_halo_r3_20260924.md; docs/object_matching_logs/claude_structural_owner_packet_20260923.md; docs/object_matching_logs/opus5_next150_research_campaign_20260916.md; docs/object_matching_logs/opus5_250k_house_clean_checkpoint_20260915.md; docs/object_matching_logs/hs_compile_obj_opus5_next150_n4_20260915.md
102,source/bungie_net/network/transport_endpoint_winsock,_connect_async_thread_proc@4,294,304,304,0,,unclassified,R,research/fifty_objects_r2_20260924/results/r2w4/REVIEW__source_bungie_net_network_transport_endpoint_winsock.md; research/fifty_objects_r2_20260924/results/r2w4/source_bungie_net_network_transport_endpoint_winsock.md; research/fifty_objects_r2_20260924/results/r2w4/CRITIC.md
103,source/networking/network_connection,_network_connection_connect,281,288,272,0,,instruction-scheduling,R,research/fifty_objects_20260925/w/review2_network_connection/REVIEW.md; research/fifty_objects_20260925/results/wave2/REVIEW__source_networking_network_connection.md; research/fifty_objects_20260925/results/wave2/fn2_network_connection_source_networking_network_connection.md; research/fifty_objects_r2_20260924/results/r2w4/REVIEW__source_networking_network_connection.md; research/fifty_objects_r2_20260924/results/r2w4/source_networking_network_connection.md; research/fifty_objects_r2_20260924/results/r2w2/PRECEDENT_AUDIT.md; research/fifty_objects_r2_20260924/results/r2w1/TRIAGE__source_networking_network_connection.md; docs/object_matching_logs/claude_structural_owner_packet_20260923.md
104,source/cseries/profile,_compare_profile_sections,276,288,304,0,,unclassified,R,research/fifty_objects_20260925/w/review_profile/REVIEW.md; research/fifty_objects_20260925/results/wave1/REVIEW__source_cseries_profile.md; research/fifty_objects_20260925/results/wave1/fn_profile_source_cseries_profile.md; docs/object_matching_logs/claude_fifty_objects_20260925_owner_queue.md; docs/object_matching_logs/claude_fifty_objects_20260925.md; research/fifty_objects_r2_20260924/results/r2w4/REVIEW__source_cseries_profile_critic_3_patch_05_profile_11_static_renames_to_Sept_2001_timesectio.md; research/fifty_objects_r2_20260924/results/r2w4/source_cseries_profile.md; docs/object_matching_logs/claude_structural_owner_packet_20260923.md
105,source/saved games/player_profile,_player_profile_create_default_profiles_on_disk,275,288,336,0,4,unclassified,R,docs/object_matching_logs/claude_fifty_objects_20260925_owner_queue.md; docs/object_matching_logs/player_profile_obj_opus5_next150_n5_20260915.md; docs/object_matching_logs/player_profile_obj_opus5_next150_n4_20260915.md; docs/object_matching_logs/player_profile_obj_opus5_next150_n1_20260915.md; docs/object_matching_logs/player_profile_obj_opus5_150k_w2_20260914.md; docs/object_matching_logs/saved_game_family_reconciliation_20260909.md; docs/object_matching_logs/player_profile_s3tc_batch_reconciliation_20260907.md
106,source/ai/actor_combat,_actor_combat_plan_grenade_trajectory,273,288,288,0,4,register-allocation,R,docs/object_matching_logs/claude_fifty_objects_20260925_owner_queue.md; research/fifty_objects_r2_20260924/results/r2w4/CRITIC.md; docs/object_matching_logs/claude_lane_b_rejected_hypotheses_20260920.md; docs/object_matching_logs/claude_lane_b_HANDOFF_20260920.md; docs/object_matching_logs/opus5_next150_research_campaign_20260916.md; docs/object_matching_logs/actor_combat_obj_opus5_250k_w3c_20260915.md; docs/object_matching_logs/actor_combat_obj_opus5_150k_w1_20260914.md; docs/object_matching_logs/action_obey_obj_private_closure_plan_20260905.md
107,source/math/periodic_functions,@periodic_function_build_variable_period_x_table@4,244,256,256,0,0,instruction-scheduling,R,research/fifty_objects_20260925/results/wave3/periodic_functions_source_math_periodic_functions.md; research/fifty_objects_20260925/results/wave1/data_gap_source_math_periodic_functions.md; docs/object_matching_logs/periodic_functions_small_object_reaudit_20260924.md; docs/object_matching_logs/periodic_functions_globals_authenticity_20260924.md; docs/object_matching_logs/rasterizer_xbox_dynavobgeom_owner_layout_reconciliation.md; docs/object_matching_logs/periodic_functions_obj_jonas_evaluators_builders_exact_20260831.md
108,source/tool/connected_geometry,_connected_geometry_find_or_add_edge,240,240,256,0,,not-parked,R,research/fifty_objects_r2_20260924/results/r2w2/PRECEDENT_AUDIT.md; research/fifty_objects_r2_20260924/results/r2w1/TRIAGE__source_tool_connected_geometry.md; docs/object_matching_logs/connected_geometry_crossbuild_qifist_20260924.md; docs/object_matching_logs/claude_structural_owner_packet_20260923.md; docs/object_matching_logs/connected_geometry_obj_opus5_next150_n4_20260915.md; docs/object_matching_logs/connected_geometry_obj_opus5_next150_n2_20260915.md; docs/object_matching_logs/connected_geometry_obj_opus5_150k_w2_20260914.md; docs/object_matching_logs/connected_geometry_obj_fable_salvage_20260902.md
109,source/items/weapons,_weapon_place,193,208,208,0,,not-parked,R,research/fifty_objects_20260925/w/review_weapons/REVIEW.md; research/fifty_objects_20260925/results/wave1/REVIEW__source_items_weapons.md; research/fifty_objects_20260925/results/wave1/fn_weapons_source_items_weapons.md; research/fifty_objects_r2_20260924/w/review_r2w2_weapons/REVIEW.md; research/fifty_objects_r2_20260924/results/r2w2/REVIEW__source_items_weapons.md; research/fifty_objects_r2_20260924/results/r2w2/source_items_weapons.md; research/fifty_objects_r2_20260924/results/r2w2/PRECEDENT_AUDIT.md; research/fifty_objects_r2_20260924/results/r2w1/TRIAGE__source_items_weapons.md
110,source/tool/connected_geometry,_connected_geometry_find_or_add_vertex,189,192,192,0,,unclassified,R,research/fifty_objects_r2_20260924/results/r2w2/PRECEDENT_AUDIT.md; research/fifty_objects_r2_20260924/results/r2w1/TRIAGE__source_tool_connected_geometry.md; docs/object_matching_logs/connected_geometry_crossbuild_qifist_20260924.md; docs/object_matching_logs/claude_structural_owner_packet_20260923.md; docs/object_matching_logs/connected_geometry_obj_opus5_next150_n4_20260915.md; docs/object_matching_logs/connected_geometry_obj_opus5_next150_n2_20260915.md; docs/object_matching_logs/connected_geometry_obj_opus5_150k_w2_20260914.md; docs/object_matching_logs/connected_geometry_obj_fable_salvage_20260902.md
111,source/units/bipeds,_biped_check_discard,165,176,176,0,,instruction-scheduling,R,research/fifty_objects_r2_20260924/results/r2w1/TRIAGE__source_units_bipeds.md; docs/object_matching_logs/claude_lane_b_rejected_hypotheses_20260920.md; docs/object_matching_logs/claude_lane_b_HANDOFF_20260920.md; docs/object_matching_logs/opus5_throughput_recovery_checkpoint_40k_20260916.md; docs/object_matching_logs/opus5_100k_consolidated_HANDOFF_20260914.md; docs/object_matching_logs/glow_obj_opus5_150k_w1_20260914.md; docs/object_matching_logs/bipeds_obj_opus5_150k_w3_20260914.md; docs/object_matching_logs/bipeds_obj_opus5_150k_w2_20260914.md
112,source/game/players,_player_examine_nearby_device,162,176,160,0,0,not-parked,R,research/fifty_objects_20260925/results/wave3/players_source_game_players__player_examine_nearby_device_176_.md; research/fifty_objects_r2_20260924/results/r2w4/source_game_players.md; research/fifty_objects_r2_20260924/results/r2w2/PRECEDENT_AUDIT.md; research/fifty_objects_r2_20260924/results/r2w1/TRIAGE__source_game_players.md; docs/object_matching_logs/claude_lane_a_HANDOFF_TO_LANE_B_20260921.md; docs/object_matching_logs/claude_lane_b_rejected_hypotheses_20260920.md; docs/object_matching_logs/claude_lane_b_HANDOFF_20260920.md; docs/object_matching_logs/claude_lane_a_waveA2_fuzzy_20260920.md
113,source/ai/path_obstacles,_obstacles_test_circle,160,160,160,0,,unclassified,R,research/fifty_objects_20260925/results/wave2/REVIEW__review_layer2_commit_931ed8dc_Layer_2_shared_header_packet_.md; research/fifty_objects_r2_20260924/results/r2w2/PRECEDENT_AUDIT.md; research/fifty_objects_r2_20260924/results/r2w1/TRIAGE__source_ai_path_obstacles.md; docs/object_matching_logs/claude_lane_b_rejected_hypotheses_20260920.md; docs/object_matching_logs/claude_lane_b_HANDOFF_20260920.md; docs/object_matching_logs/three_leaf_object_closeout_king_path_cache_20260919.md; docs/object_matching_logs/path_obstacles_obj_opus5_150k_w2_20260914.md; docs/object_matching_logs/path_obstacles_obj_remaining_unwritten_packet_20260912.md
114,source/effects/effects,_effect_allowed_by_environment,128,128,128,0,,unclassified,R,research/fifty_objects_20260925/results/wave4/hud_weapon_source_interface_hud_weapon__hud_update_weapon_local_player.md; docs/object_matching_logs/claude_structural_owner_packet_20260923.md; docs/object_matching_logs/opus5_throughput_recovery_checkpoint_10k_20260916.md; docs/object_matching_logs/opus5_next150_research_campaign_20260916.md; docs/object_matching_logs/effects_obj_opus5_250k_w3d_20260915.md; docs/object_matching_logs/effects_obj_opus5_150k_w2_20260914.md; docs/object_matching_logs/effects_obj_opus5_100k_waveD_20260914.md; docs/object_matching_logs/effects_obj_opus_reconciliation_20260904.md
115,source/game/game,_game_set_game_variant_from_name,92,96,48,-2,-104,unclassified,R,research/fifty_objects_20260925/results/wave1/fn_game_source_game_game.md; research/fifty_objects_r2_20260924/results/r2w1/TRIAGE__source_game_game.md; docs/object_matching_logs/claude_lane_b_rejected_hypotheses_20260920.md; docs/object_matching_logs/claude_lane_b_HANDOFF_20260920.md; docs/object_matching_logs/claude_lane_a_frame_mismatch_census_20260920.md; docs/object_matching_logs/astra_90pct_wave13_call_sequence_census_20260920.md; docs/object_matching_logs/game_obj_opus5_next150_n1_20260915.md; docs/object_matching_logs/game_obj_hcea_initialize_pair_and_fuzzy_completion_20260908.md
116,source/units/bipeds,_biped_adjust_placement,88,96,96,0,,unclassified,R,docs/object_matching_logs/claude_lane_b_rejected_hypotheses_20260920.md; docs/object_matching_logs/claude_lane_b_HANDOFF_20260920.md; docs/object_matching_logs/bipeds_obj_opus5_150k_w3_20260914.md; docs/object_matching_logs/bipeds_obj_opus5_150k_w2_20260914.md; docs/object_matching_logs/bipeds_obj_opus5_100k_waveD_20260914.md; docs/object_matching_logs/bipeds_obj_batch7_exact_and_fuzzy_20260912.md; docs/object_matching_logs/bipeds_obj_adjust_placement_fuzzy_20260904.md
117,source/hs/hs,_real_random_range_evaluate,81,96,96,0,0,not-parked,R,research/fifty_objects_20260925/w/review3_storage_packet_/REVIEW.md; research/fifty_objects_20260925/results/wave3/REVIEW__source_hs_hs_ownership_storage_packet_review_.md; research/fifty_objects_20260925/results/wave3/hs_source_hs_hs_ownership_storage_packet_.md; research/fifty_objects_20260925/results/wave3/hs_source_hs_hs_data_gap_54_780_B_.md; research/fifty_objects_20260925/results/wave3/hs_source_hs_hs__real_random_range_evaluate.md; research/fifty_objects_r2_20260924/results/r2w4/REVIEW__source_hs_hs.md; research/fifty_objects_r2_20260924/results/r2w4/source_hs_hs.md; research/fifty_objects_r2_20260924/results/r2w1/TRIAGE__source_hs_hs.md
118,source/bink/bink_playback,_bink_query_analog_controller_buttons,70,80,96,0,,register-allocation,R,research/fifty_objects_20260925/results/wave1/fn_bink_playback_source_bink_bink_playback_bink_query_analog_controller_buttons.md; research/fifty_objects_r2_20260924/w/review_r2w2_bink_playback/REVIEW.md; research/fifty_objects_r2_20260924/results/r2w2/REVIEW__source_bink_bink_playback.md; research/fifty_objects_r2_20260924/results/r2w4/source_bink_bink_playback.md; research/fifty_objects_r2_20260924/results/r2w2/source_bink_bink_playback.md; research/fifty_objects_r2_20260924/results/r2w2/PRECEDENT_AUDIT.md; research/fifty_objects_r2_20260924/results/r2w1/TRIAGE__source_bink_bink_playback.md; docs/object_matching_logs/claude_halo_r3_20260924.md
119,source/interface/hud_draw,_fast_ftol_C,56,56,,,,not-parked,U,research/fifty_objects_20260925/w/review4_hud_draw/REVIEW.md; research/fifty_objects_20260925/results/wave4/REVIEW__source_interface_hud_draw.md; research/fifty_objects_20260925/results/wave4/hud_stack_check_source_interface_hud_draw.md; research/fifty_objects_20260925/results/wave1/provider_repair_source_interface_hud_draw.md; research/fifty_objects_r2_20260924/results/r2w4/CRITIC.md; research/fifty_objects_r2_20260924/results/r2w2/PRECEDENT_AUDIT.md; research/fifty_objects_r2_20260924/results/r2w1/TRIAGE__source_interface_hud_draw.md; docs/object_matching_logs/claude_lane_c_canonical_reconciliation_20260922.md
120,source/rasterizer/rasterizer_lights,_rasterizer_lights_reset_for_new_map,48,48,48,0,,not-parked,R,research/fifty_objects_20260925/results/wave4/rasterizer_lights_source_rasterizer_rasterizer_lights__rasterizer_lights_reset_for_new_map_48_.md; docs/object_matching_logs/claude_fifty_objects_20260925.md; research/fifty_objects_r2_20260924/results/r2w4/source_rasterizer_rasterizer_lights.md; docs/object_matching_logs/claude_halo_r3_20260924.md; docs/object_matching_logs/claude_lane_c_graphics_ui_HANDOFF_20260920.md; docs/object_matching_logs/astra_90pct_wave6_opportunity_audit_20260920.md; docs/object_matching_logs/opus5_throughput_recovery_checkpoint_10k_20260916.md; docs/object_matching_logs/rasterizer_lights_obj_opus5_250k_w3c_20260915.md
121,source/bungie_net/network/transport_endpoint_set_winsock,_poll_ep_array_compare_proc,41,48,48,0,,unclassified,R,research/fifty_objects_r2_20260924/results/r2w4/REVIEW__source_bungie_net_network_transport_endpoint_set_winsock.md; research/fifty_objects_r2_20260924/results/r2w4/source_bungie_net_network_transport_endpoint_set_winsock.md; research/fifty_objects_r2_20260924/results/r2w4/CRITIC.md
122,source/main/main,_main_crash,11,16,,,,not-parked,U,research/fifty_objects_20260925/w/review3_main/REVIEW.md; research/fifty_objects_20260925/results/wave3/REVIEW__source_main_main.md; research/fifty_objects_20260925/results/wave3/main_source_main_main.md; docs/object_matching_logs/claude_fifty_objects_20260925_owner_queue.md; docs/object_matching_logs/claude_fifty_objects_20260925.md; research/fifty_objects_r2_20260924/results/r2w4/REVIEW__source_main_main.md; research/fifty_objects_r2_20260924/results/r2w4/source_main_main.md; research/fifty_objects_r2_20260924/results/r2w4/CRITIC.md
